PDB,Wild,Number,RSA,Mutated,Hdiff,Vdiff,exp_ddG,dataset
1A2P,T,6,0.5053045445534435,P,-0.6,-0.034,-3.3,B1112d
1A2P,T,6,0.5053045445534435,T,0,0,0,B1112d
1A2P,F,7,0.16011395005108686,F,0,0,0,B1112d
1A2P,F,7,0.16011395005108686,L,-0.3,-0.23199999999999998,-4.1,B1112d
1A2P,V,10,0,A,2.2,-0.514,-3.53,B1112d
1A2P,V,10,0,T,2.7,-0.239,-2.41,B1112d
1A2P,V,10,0,V,0,0,0,B1112d
1A2P,Y,13,0.19875592101584916,A,1.9,-1.05,-3.53,B1112d
1A2P,Y,13,0.19875592101584916,Y,0,0,0,B1112d
1A2P,L,14,5.446859696796962e-4,A,3.2,-0.7809999999999999,-4.51,B1112d
1A2P,L,14,5.446859696796962e-4,L,0,0,0,B1112d
1A2P,Q,15,0.3823874732614725,I,-5.3,0.22899999999999998,1.38,B1112d
1A2P,Q,15,0.3823874732614725,Q,0,0,0,B1112d
1A2P,T,16,0.606427098459025,A,-0.5,-0.275,-0.5,B1112d
1A2P,T,16,0.606427098459025,G,0.4,-0.56,-1.3,B1112d
1A2P,T,16,0.606427098459025,T,0,0,0,B1112d
1A2P,Y,17,0.5618075630525566,G,2.8,-1.335,-4,B1112d
1A2P,Y,17,0.5618075630525566,S,3,-1.046,-2,B1112d
1A2P,Y,17,0.5618075630525566,Y,0,0,0,B1112d
1A2P,H,18,0.5119218875096845,G,-1.4,-0.9309999999999999,-0.8,B1112d
1A2P,H,18,0.5119218875096845,H,0,0,0,B1112d
1A2P,H,18,0.5119218875096845,N,1.2,-0.391,-1.8,B1112d
1A2P,H,18,0.5119218875096845,Q,0.1,-0.094,-1.44,B1112d
1A2P,H,18,0.5119218875096845,S,-1.2,-0.642,-2.1,B1112d
1A2P,K,19,0.5073333119234659,K,0,0,0,B1112d
1A2P,K,19,0.5073333119234659,R,-0.8,0.048,0.88,B1112d
1A2P,I,25,0.1240578559232718,A,2.9,-0.7809999999999999,-3.68,B1112d
1A2P,I,25,0.1240578559232718,I,0,0,0,B1112d
1A2P,E,29,0.5070997012063513,E,0,0,0,B1112d
1A2P,E,29,0.5070997012063513,G,-3.3,-0.7829999999999999,-2.13,B1112d
1A2P,A,32,0.6269776676771632,A,0,0,0,B1112d
1A2P,A,32,0.6269776676771632,C,-2.6,0.19899999999999998,-1.85,B1112d
1A2P,A,32,0.6269776676771632,G,0.9,-0.285,-0.78,B1112d
1A2P,A,32,0.6269776676771632,N,3.5,0.255,-0.33,B1112d
1A2P,A,32,0.6269776676771632,P,-0.1,0.24100000000000002,-4.12,B1112d
1A2P,A,32,0.6269776676771632,T,0.5,0.275,-0.49,B1112d
1A2P,G,34,0.3046080458811135,A,-0.9,0.285,-2.7,B1112d
1A2P,G,34,0.3046080458811135,D,4,0.51,-3.2,B1112d
1A2P,G,34,0.3046080458811135,G,0,0,0,B1112d
1A2P,G,34,0.3046080458811135,K,2.3,1.085,-2.7,B1112d
1A2P,G,34,0.3046080458811135,N,2.6,0.54,-2.7,B1112d
1A2P,G,34,0.3046080458811135,R,1.5,1.133,-2.8,B1112d
1A2P,G,34,0.3046080458811135,S,0.2,0.289,-2.9,B1112d
1A2P,G,34,0.3046080458811135,T,-0.4,0.56,-3.2,B1112d
1A2P,D,54,0.21546356648330756,D,0,0,0,B1112d
1A2P,D,54,0.21546356648330756,N,-1.4,0.03,-2.36,B1112d
1A2P,K,66,0.6358845736617563,A,-3.2,-0.8,0.98,B1112d
1A2P,K,66,0.6358845736617563,K,0,0,0,B1112d
1A2P,E,73,0.08795041237929696,A,-4.2,-0.498,-2.3,B1112d
1A2P,E,73,0.08795041237929696,E,0,0,0,B1112d
1A2P,E,73,0.08795041237929696,F,-7.1,0.515,-2.1,B1112d
1A2P,E,73,0.08795041237929696,Q,-1.8,0.054000000000000006,-2.7,B1112d
1A2P,E,73,0.08795041237929696,W,-6.9,0.894,-2.2,B1112d
1A2P,I,76,0,I,0,0,0,B1112d
1A2P,I,76,0,T,3.4,-0.506,-2.69,B1112d
1A2P,L,89,0,L,0,0,0,B1112d
1A2P,L,89,0,V,1,-0.267,-0.32,B1112d
1A6M,I,28,0.00983413095003542,F,0,0.23199999999999998,-0.28,B1112d
1A6M,I,28,0.00983413095003542,I,0,0,0,B1112d
1A6M,L,29,0.01722103270269558,L,0,0,0,B1112d
1A6M,L,29,0.01722103270269558,N,6.7,-0.526,-5.59,B1112d
1A6M,F,43,0.24577424670191123,F,0,0,0,B1112d
1A6M,F,43,0.24577424670191123,V,0.7,-0.499,-2.66,B1112d
1A6M,H,64,0.17778784121448044,F,-5.2,0.36700000000000005,1.51,B1112d
1A6M,H,64,0.17778784121448044,F,-5.2,0.36700000000000005,0.81,B1112d
1A6M,H,64,0.17778784121448044,H,0,0,0,B1112d
1A6M,H,64,0.17778784121448044,N,1.2,-0.391,-0.33,B1112d
1A6M,H,64,0.17778784121448044,T,-1.8,-0.371,0.23,B1112d
1A6M,H,64,0.17778784121448044,Y,-4.2,0.40399999999999997,0.52,B1112d
1A6M,V,68,0.26289835306391585,F,-0.7,0.499,0.82,B1112d
1A6M,V,68,0.26289835306391585,N,5.7,-0.259,-3.81,B1112d
1A6M,V,68,0.26289835306391585,Q,4.6,0.038,-2.42,B1112d
1A6M,V,68,0.26289835306391585,V,0,0,0,B1112d
1A6M,H,119,0.15494297296490267,F,-5.2,0.36700000000000005,-0.68,B1112d
1A6M,H,119,0.15494297296490267,H,0,0,0,B1112d
1A6M,F,123,0.0045228604262095825,F,0,0,0,B1112d
1A6M,F,123,0.0045228604262095825,K,6.1,-0.213,-2.1,B1112d
1A6M,F,123,0.0045228604262095825,T,3.4,-0.738,-3.5,B1112d
1A6M,A,130,0.024325142742277657,A,0,0,0,B1112d
1A6M,A,130,0.024325142742277657,K,3.2,0.8,-3.7,B1112d
1A6M,L,135,0.004053700893739334,L,0,0,0,B1112d
1A6M,L,135,0.004053700893739334,M,0.8,-0.038,-0.79,B1112d
1AAR,K,6,0.30281624627782117,E,1,-0.302,0.48,B1112d
1AAR,K,6,0.30281624627782117,K,0,0,0,B1112d
1AAR,K,29,0.24966675400871596,K,0,0,0,B1112d
1AAR,K,29,0.24966675400871596,N,0.3,-0.545,-1.43,B1112d
1AAR,R,42,0.20052117594093555,E,1.8,-0.35,1.43,B1112d
1AAR,R,42,0.20052117594093555,R,0,0,0,B1112d
1AAR,F,45,0.2476403256083607,F,0,0,0,B1112d
1AAR,F,45,0.2476403256083607,W,0.2,0.379,0.6,B1112d
1AAR,R,72,0.3222918759142319,Q,0,-0.29600000000000004,-0.24,B1112d
1AAR,R,72,0.3222918759142319,R,0,0,0,B1112d
1AEP,L,14,0.0037014199271014057,K,6.4,0.019,-1.36,B1112d
1AEP,L,14,0.0037014199271014057,L,0,0,0,B1112d
1APS,Y,11,0.020953305536004493,I,-1,-0.26899999999999996,-2.22,B1112d
1APS,Y,11,0.020953305536004493,Y,0,0,0,B1112d
1APS,T,42,0.32172973995891013,A,-0.5,-0.275,-1.84,B1112d
1APS,T,42,0.32172973995891013,T,0,0,0,B1112d
1APS,G,45,0.046797912798125146,A,-0.9,0.285,-1.72,B1112d
1APS,G,45,0.046797912798125146,G,0,0,0,B1112d
1APS,M,61,0.010734650466593089,A,2.4,-0.743,-3.97,B1112d
1APS,M,61,0.010734650466593089,M,0,0,0,B1112d
1APS,W,64,0.04646465159387298,A,2.7,-1.392,-1.51,B1112d
1APS,W,64,0.04646465159387298,W,0,0,0,B1112d
1APS,L,65,8.969156674194374e-4,L,0,0,0,B1112d
1APS,L,65,8.969156674194374e-4,V,1,-0.267,-5.35,B1112d
1APS,E,83,0.4210963527584938,D,0.7,-0.273,-1.51,B1112d
1APS,E,83,0.4210963527584938,E,0,0,0,B1112d
1APS,F,94,0.019870767118192502,F,0,0,0,B1112d
1APS,F,94,0.019870767118192502,L,-0.3,-0.23199999999999998,-4.33,B1112d
1ARR,R,13,0.5063463311056775,G,-1.5,-1.133,0.36,B1112d
1ARR,R,13,0.5063463311056775,R,0,0,0,B1112d
1ARR,L,19,0.04908114992291805,L,0,0,0,B1112d
1ARR,L,19,0.04908114992291805,Q,5.6,-0.22899999999999998,-1.8,B1112d
1ARR,R,50,0.4787558876559586,A,-2.4,-0.848,-1.9,B1112d
1ARR,R,50,0.4787558876559586,R,0,0,0,B1112d
1AY7,C,40,0.020509260143937256,A,2.6,-0.19899999999999998,0.1,B1112d
1AY7,C,40,0.020509260143937256,C,0,0,0,B1112d
1BNI,T,6,0.5192139106680315,H,1.8,0.371,-1.56,B1112d
1BNI,T,6,0.5192139106680315,T,0,0,0,B1112d
1BPI,G,12,0.24264917623268834,D,4,0.51,-4.3,B1112d
1BPI,G,12,0.24264917623268834,G,0,0,0,B1112d
1BPI,G,12,0.24264917623268834,V,-3.1,0.799,-4.1,B1112d
1BPI,A,16,0.41614297108131953,A,0,0,0,B1112d
1BPI,A,16,0.41614297108131953,T,0.5,0.275,-1.7,B1112d
1BPI,F,33,0.11239708643506086,F,0,0,0,B1112d
1BPI,F,33,0.11239708643506086,I,0,-0.23199999999999998,-2.4,B1112d
1BPI,Y,35,0.0674283193420485,D,6.8,-0.825,-3.8,B1112d
1BPI,Y,35,0.0674283193420485,L,-1.3,-0.26899999999999996,-3.7,B1112d
1BPI,Y,35,0.0674283193420485,N,5.4,-0.795,-3.7,B1112d
1BPI,Y,35,0.0674283193420485,Y,0,0,0,B1112d
1BVC,A,144,0.5101257558552665,A,0,0,0,B1112d
1BVC,A,144,0.5101257558552665,L,-3.2,0.7809999999999999,0.4,B1112d
1C2R,K,14,0.4333065163288663,E,1,-0.302,-0.9,B1112d
1C2R,K,14,0.4333065163288663,K,0,0,0,B1112d
1C2R,Y,75,0.1073118415969121,C,-0.7,-0.851,-3.05,B1112d
1C2R,Y,75,0.1073118415969121,Y,0,0,0,B1112d
1C9O,Q,2,0.3831369453996067,L,-5.6,0.22899999999999998,0.41,B1112d
1C9O,Q,2,0.3831369453996067,Q,0,0,0,B1112d
1C9O,R,3,0.5604475447934693,E,1.8,-0.35,-0.84,B1112d
1C9O,R,3,0.5604475447934693,R,0,0,0,B1112d
1CYC,K,73,0.8070839211224125,K,0,0,0,B1112d
1CYC,K,73,0.8070839211224125,M,-5.6,-0.057,-1,B1112d
1DIV,M,1,0.42380444575343623,G,3.3,-1.028,-2.36,B1112d
1DIV,M,1,0.42380444575343623,M,0,0,0,B1112d
1DIV,I,4,0.029698636505799035,A,2.9,-0.7809999999999999,-2.22,B1112d
1DIV,I,4,0.029698636505799035,I,0,0,0,B1112d
1DIV,F,5,0.11522955621668673,F,0,0,0,B1112d
1DIV,F,5,0.11522955621668673,V,0.7,-0.499,-3.99,B1112d
1DIV,L,6,0.3447266268478124,I,0.3,0,-0.13,B1112d
1DIV,L,6,0.3447266268478124,L,0,0,0,B1112d
1DIV,K,12,0.5578151593222094,K,0,0,0,B1112d
1DIV,K,12,0.5578151593222094,M,-5.6,-0.057,1.73,B1112d
1DPM,H,257,0.07642125604588268,H,0,0,0,B1112d
1DPM,H,257,0.07642125604588268,L,-5.5,0.135,-2.5,B1112d
1DPM,H,257,0.07642125604588268,L,-5.5,0.135,-5,B1112d
1E65,I,7,0.003641233512573043,I,0,0,0,B1112d
1E65,I,7,0.003641233512573043,S,4,-0.777,-3.3,B1112d
1E65,I,20,0.04343676305149659,I,0,0,0,B1112d
1E65,I,20,0.04343676305149659,T,3.4,-0.506,-2.03,B1112d
1E65,V,22,6.10983724798376e-4,T,2.7,-0.239,-0.96,B1112d
1E65,V,22,6.10983724798376e-4,V,0,0,0,B1112d
1E65,W,48,0,A,2.7,-1.392,-3.35,B1112d
1E65,W,48,0,W,0,0,0,B1112d
1E65,V,60,0.09612012905888012,G,3.1,-0.799,-3.11,B1112d
1E65,V,60,0.09612012905888012,V,0,0,0,B1112d
1E65,F,110,0,F,0,0,0,B1112d
1E65,F,110,0,S,4,-1.0090000000000001,-4.15,B1112d
1E65,C,112,2.5274085059711752e-5,C,0,0,0,B1112d
1E65,C,112,2.5274085059711752e-5,S,3.7,-0.195,1.83,B1112d
1EY0,L,7,0.2908531886378165,G,4.1,-1.0659999999999998,-1.5,B1112d
1EY0,L,7,0.2908531886378165,L,0,0,0,B1112d
1EY0,K,9,0.4546945731779724,G,-2.3,-1.085,-1.9,B1112d
1EY0,K,9,0.4546945731779724,K,0,0,0,B1112d
1EY0,E,10,0.15479514732904662,E,0,0,0,B1112d
1EY0,E,10,0.15479514732904662,K,-1,0.302,-2.2,B1112d
1EY0,P,11,0.8001135217406079,A,0.1,-0.24100000000000002,-0.4,B1112d
1EY0,P,11,0.8001135217406079,F,-2.8,0.772,-0.6,B1112d
1EY0,P,11,0.8001135217406079,P,0,0,0,B1112d
1EY0,T,13,0.6315870050187786,I,-3.4,0.506,-0.1,B1112d
1EY0,T,13,0.6315870050187786,T,0,0,0,B1112d
1EY0,I,15,0.41578814193892955,G,3.8,-1.0659999999999998,-3.3,B1112d
1EY0,I,15,0.41578814193892955,I,0,0,0,B1112d
1EY0,I,15,0.41578814193892955,M,0.5,-0.038,-0.3,B1112d
1EY0,I,18,0.27624267802737745,G,3.8,-1.0659999999999998,-2.5,B1112d
1EY0,I,18,0.27624267802737745,I,0,0,0,B1112d
1EY0,G,20,1.6873233299232826e-4,E,3.3,0.7829999999999999,-3.9,B1112d
1EY0,G,20,1.6873233299232826e-4,G,0,0,0,B1112d
1EY0,G,20,1.6873233299232826e-4,V,-3.1,0.799,-2.3,B1112d
1EY0,T,22,0.06907575506456816,S,0.6,-0.271,-0.6,B1112d
1EY0,T,22,0.06907575506456816,T,0,0,0,B1112d
1EY0,T,22,0.06907575506456816,V,-2.7,0.239,-0.9,B1112d
1EY0,V,23,0.004568727578502144,F,-0.7,0.499,-2.3,B1112d
1EY0,V,23,0.004568727578502144,L,-1,0.267,-0.1,B1112d
1EY0,V,23,0.004568727578502144,S,3.3,-0.51,-4.7,B1112d
1EY0,V,23,0.004568727578502144,V,0,0,0,B1112d
1EY0,L,25,0,L,0,0,0,B1112d
1EY0,L,25,0,V,1,-0.267,-1.8,B1112d
1EY0,M,26,0.34531321873961357,G,3.3,-1.028,-2.2,B1112d
1EY0,M,26,0.34531321873961357,L,-0.8,0.038,-0.5,B1112d
1EY0,M,26,0.34531321873961357,M,0,0,0,B1112d
1EY0,Y,27,0.07280743464327671,C,-0.7,-0.851,-2.9,B1112d
1EY0,Y,27,0.07280743464327671,D,6.8,-0.825,-5.4,B1112d
1EY0,Y,27,0.07280743464327671,E,6.1,-0.552,-5,B1112d
1EY0,Y,27,0.07280743464327671,I,-1,-0.26899999999999996,-2.5,B1112d
1EY0,Y,27,0.07280743464327671,K,5.1,-0.25,-3.9,B1112d
1EY0,Y,27,0.07280743464327671,L,-1.3,-0.26899999999999996,-1.5,B1112d
1EY0,Y,27,0.07280743464327671,M,-0.5,-0.307,-2,B1112d
1EY0,Y,27,0.07280743464327671,N,5.4,-0.795,-4,B1112d
1EY0,Y,27,0.07280743464327671,P,1.8,-0.809,-6.1,B1112d
1EY0,Y,27,0.07280743464327671,Q,4.3,-0.498,-3.2,B1112d
1EY0,Y,27,0.07280743464327671,R,4.3,-0.20199999999999999,-2.9,B1112d
1EY0,Y,27,0.07280743464327671,T,2.4,-0.775,-3.3,B1112d
1EY0,Y,27,0.07280743464327671,V,-0.3,-0.536,-3,B1112d
1EY0,Y,27,0.07280743464327671,Y,0,0,0,B1112d
1EY0,G,29,0.7910653287616296,C,-3.5,0.484,-1.1,B1112d
1EY0,G,29,0.7910653287616296,G,0,0,0,B1112d
1EY0,M,32,0.2326608857320786,L,-0.8,0.038,-0.8,B1112d
1EY0,M,32,0.2326608857320786,M,0,0,0,B1112d
1EY0,T,33,0.24944213336210033,C,-3.1,-0.076,-1.2,B1112d
1EY0,T,33,0.24944213336210033,T,0,0,0,B1112d
1EY0,F,34,0,F,0,0,0,B1112d
1EY0,F,34,0,G,3.8,-1.298,-6.2,B1112d
1EY0,R,35,0.1650035646184527,G,-1.5,-1.133,-2.2,B1112d
1EY0,R,35,0.1650035646184527,R,0,0,0,B1112d
1EY0,L,36,0.003726540948316929,G,4.1,-1.0659999999999998,-5.3,B1112d
1EY0,L,36,0.003726540948316929,I,0.3,0,-3.1,B1112d
1EY0,L,36,0.003726540948316929,L,0,0,0,B1112d
1EY0,L,38,0.0627577234170191,G,4.1,-1.0659999999999998,-0.55,B1112d
1EY0,L,38,0.0627577234170191,L,0,0,0,B1112d
1EY0,E,43,0.22116491441480124,D,0.7,-0.273,0.2,B1112d
1EY0,E,43,0.22116491441480124,E,0,0,0,B1112d
1EY0,T,44,0.26855243585340965,C,-3.1,-0.076,-0.2,B1112d
1EY0,T,44,0.26855243585340965,T,0,0,0,B1112d
1EY0,P,47,0.8689074030501448,F,-2.8,0.772,-0.3,B1112d
1EY0,P,47,0.8689074030501448,P,0,0,0,B1112d
1EY0,V,51,0.6730907103222329,T,2.7,-0.239,0.2,B1112d
1EY0,V,51,0.6730907103222329,V,0,0,0,B1112d
1EY0,F,61,0.28188343268016397,F,0,0,0,B1112d
1EY0,F,61,0.28188343268016397,G,3.8,-1.298,-4.8,B1112d
1EY0,M,65,0.18136288392958969,F,-0.5,0.27,-1.6,B1112d
1EY0,M,65,0.18136288392958969,G,3.3,-1.028,-4.6,B1112d
1EY0,M,65,0.18136288392958969,M,0,0,0,B1112d
1EY0,V,66,0.018194373924011843,G,3.1,-0.799,-4.4,B1112d
1EY0,V,66,0.018194373924011843,V,0,0,0,B1112d
1EY0,V,66,0.018194373924011843,W,-0.5,0.878,-3.19,B1112d
1EY0,E,67,0.536393382667827,A,-4.2,-0.498,-1,B1112d
1EY0,E,67,0.536393382667827,E,0,0,0,B1112d
1EY0,E,67,0.536393382667827,F,-7.1,0.515,-1.4,B1112d
1EY0,K,70,0.8852376585114994,F,-6.1,0.213,-0.2,B1112d
1EY0,K,70,0.8852376585114994,K,0,0,0,B1112d
1EY0,K,70,0.8852376585114994,W,-5.9,0.5920000000000001,-0.5,B1112d
1EY0,I,72,0.08663664277413605,G,3.8,-1.0659999999999998,-6.5,B1112d
1EY0,I,72,0.08663664277413605,I,0,0,0,B1112d
1EY0,I,72,0.08663664277413605,V,0.7,-0.267,-1.8,B1112d
1EY0,E,73,0.2808034518192144,E,0,0,0,B1112d
1EY0,E,73,0.2808034518192144,Q,-1.8,0.054000000000000006,-0.7,B1112d
1EY0,E,75,0.05041434905923565,E,0,0,0,B1112d
1EY0,E,75,0.05041434905923565,G,-3.3,-0.7829999999999999,-3.5,B1112d
1EY0,E,75,0.05041434905923565,V,-6.4,0.016,-2.31,B1112d
1EY0,F,76,0.06525261014656167,F,0,0,0,B1112d
1EY0,F,76,0.06525261014656167,G,3.8,-1.298,-4.7,B1112d
1EY0,D,77,0.04959556225231868,D,0,0,0,B1112d
1EY0,D,77,0.04959556225231868,K,-1.7,0.575,-3.5,B1112d
1EY0,D,77,0.04959556225231868,N,-1.4,0.03,-2.9,B1112d
1EY0,G,79,0.24013830085948298,A,-0.9,0.285,-2.35,B1112d
1EY0,G,79,0.24013830085948298,G,0,0,0,B1112d
1EY0,G,79,0.24013830085948298,S,0.2,0.289,-2.77,B1112d
1EY0,T,82,0.527505309883681,G,0.4,-0.56,-2,B1112d
1EY0,T,82,0.527505309883681,T,0,0,0,B1112d
1EY0,D,83,0.2639209881336188,D,0,0,0,B1112d
1EY0,D,83,0.2639209881336188,G,-4,-0.51,-2.7,B1112d
1EY0,G,86,0.6072554342489604,F,-3.8,1.298,-2,B1112d
1EY0,G,86,0.6072554342489604,G,0,0,0,B1112d
1EY0,G,86,0.6072554342489604,V,-3.1,0.799,-3.7,B1112d
1EY0,I,92,0.002749709107243514,G,3.8,-1.0659999999999998,-6.6,B1112d
1EY0,I,92,0.002749709107243514,I,0,0,0,B1112d
1EY0,Y,93,0.07632582549103988,A,1.9,-1.05,-6.5,B1112d
1EY0,Y,93,0.07632582549103988,G,2.8,-1.335,-7.5,B1112d
1EY0,Y,93,0.07632582549103988,L,-1.3,-0.26899999999999996,-4.5,B1112d
1EY0,Y,93,0.07632582549103988,Y,0,0,0,B1112d
1EY0,D,95,0.3939227306448425,D,0,0,0,B1112d
1EY0,D,95,0.3939227306448425,F,-7.8,0.7879999999999999,-5.3,B1112d
1EY0,V,99,0.0024774608890196876,S,3.3,-0.51,-5.1,B1112d
1EY0,V,99,0.0024774608890196876,V,0,0,0,B1112d
1EY0,A,102,0.18745354590559354,A,0,0,0,B1112d
1EY0,A,102,0.18745354590559354,F,-2.9,1.013,-1.9,B1112d
1EY0,L,103,0,G,4.1,-1.0659999999999998,-6.6,B1112d
1EY0,L,103,0,L,0,0,0,B1112d
1EY0,V,104,0,G,3.1,-0.799,-6.5,B1112d
1EY0,V,104,0,L,-1,0.267,-0.8,B1112d
1EY0,V,104,0,V,0,0,0,B1112d
1EY0,R,105,0.3137798097549281,C,-5,-0.649,-2.7,B1112d
1EY0,R,105,0.3137798097549281,F,-5.3,0.165,-3.1,B1112d
1EY0,R,105,0.3137798097549281,R,0,0,0,B1112d
1EY0,V,111,0.09042139801247201,A,2.2,-0.514,-4.45,B1112d
1EY0,V,111,0.09042139801247201,V,0,0,0,B1112d
1EY0,P,117,0.4154559097308634,L,-3.1,0.54,0.2,B1112d
1EY0,P,117,0.4154559097308634,P,0,0,0,B1112d
1EY0,N,118,0.0750016205328936,A,-3.5,-0.255,-2.05,B1112d
1EY0,N,118,0.0750016205328936,D,1.4,-0.03,-2.4,B1112d
1EY0,N,118,0.0750016205328936,N,0,0,0,B1112d
1EY0,T,120,0.4123267401981841,C,-3.1,-0.076,-1.7,B1112d
1EY0,T,120,0.4123267401981841,T,0,0,0,B1112d
1EY0,E,122,0.20209840312108396,E,0,0,0,B1112d
1EY0,E,122,0.20209840312108396,K,-1,0.302,-2.7,B1112d
1EY0,Q,123,0.6826467733340593,F,-5.3,0.461,-0.7,B1112d
1EY0,Q,123,0.6826467733340593,Q,0,0,0,B1112d
1EY0,H,124,0.517263446401993,F,-5.2,0.36700000000000005,0.3,B1112d
1EY0,H,124,0.517263446401993,H,0,0,0,B1112d
1EY0,L,125,0,I,0.3,0,-1,B1112d
1EY0,L,125,0,L,0,0,0,B1112d
1EY0,A,132,0,A,0,0,0,B1112d
1EY0,A,132,0,V,-2.2,0.514,-4.8,B1112d
1EY0,K,133,0.45377626629786044,K,0,0,0,B1112d
1EY0,K,133,0.45377626629786044,Q,-0.8,-0.248,-0.5,B1112d
1EY0,K,134,0.7358984286641351,C,-5.8,-0.601,-0.7,B1112d
1EY0,K,134,0.7358984286641351,K,0,0,0,B1112d
1EY0,S,141,0.8766360046169442,G,-0.2,-0.289,-0.9,B1112d
1EY0,S,141,0.8766360046169442,S,0,0,0,B1112d
1FEP,L,244,0.6520293291682984,C,0.6,-0.5820000000000001,6.88,B1112d
1FEP,L,244,0.6520293291682984,L,0,0,0,B1112d
1FEP,S,246,0.10959402863421039,C,-3.7,0.195,7.77,B1112d
1FEP,S,246,0.10959402863421039,S,0,0,0,B1112d
1FEP,E,248,0.22187909466032837,C,-6.8,-0.299,6.83,B1112d
1FEP,E,248,0.22187909466032837,E,0,0,0,B1112d
1FEP,G,252,0.08631529564034403,C,-3.5,0.484,7.93,B1112d
1FEP,G,252,0.08631529564034403,G,0,0,0,B1112d
1FEP,S,254,0.1043393207498041,C,-3.7,0.195,5.94,B1112d
1FEP,S,254,0.1043393207498041,S,0,0,0,B1112d
1FEP,Q,256,0.038341340924959805,C,-5,-0.353,2.28,B1112d
1FEP,Q,256,0.038341340924959805,Q,0,0,0,B1112d
1FNF,L,1408,0.5939832949682828,L,0,0,0,B1112d
1FNF,L,1408,0.5939832949682828,P,3.1,-0.54,-0.02,B1112d
1FTG,E,40,0.676379874005503,E,0,0,0,B1112d
1FTG,E,40,0.676379874005503,K,-1,0.302,2.21,B1112d
1FTG,D,65,0.3440580060917534,D,0,0,0,B1112d
1FTG,D,65,0.3440580060917534,K,-1.7,0.575,-0.26,B1112d
1FTG,D,75,0.7697309694419515,D,0,0,0,B1112d
1FTG,D,75,0.7697309694419515,K,-1.7,0.575,1,B1112d
1FTG,D,150,0.8595130622568774,D,0,0,0,B1112d
1FTG,D,150,0.8595130622568774,K,-1.7,0.575,-0.28,B1112d
1FXA,F,65,0.42436190733324447,F,0,0,0,B1112d
1FXA,F,65,0.42436190733324447,W,0.2,0.379,-0.6,B1112d
1FXA,E,95,0.8581808508413797,E,0,0,0,B1112d
1FXA,E,95,0.8581808508413797,K,-1,0.302,1,B1112d
1H3T,F,405,3.585695600020187e-5,A,2.9,-1.013,-3.3,B1112d
1H3T,F,405,3.585695600020187e-5,F,0,0,0,B1112d
1HL4,G,41,0.3143577493737977,G,0,0,0,B1112d
1HL4,G,41,0.3143577493737977,S,0.2,0.289,-2.93,B1112d
1HL4,H,46,0.020065640467239243,H,0,0,0,B1112d
1HL4,H,46,0.020065640467239243,R,0.1,0.20199999999999999,0.81,B1112d
1HL4,D,76,0.4151136092809447,D,0,0,0,B1112d
1HL4,D,76,0.4151136092809447,V,-7.1,0.289,-0.2,B1112d
1HL4,D,76,0.4151136092809447,Y,-6.8,0.825,-0.21,B1112d
1HL4,N,86,0.3169709380510029,K,-0.3,0.545,-0.66,B1112d
1HL4,N,86,0.3169709380510029,N,0,0,0,B1112d
1HL4,G,93,0.0901543669429831,G,0,0,0,B1112d
1HL4,G,93,0.0901543669429831,R,1.5,1.133,-4.4,B1112d
1HUW,S,71,0.472217473298921,Q,1.3,0.5479999999999999,-1.46,B1112d
1HUW,S,71,0.472217473298921,S,0,0,0,B1112d
1HUW,S,71,0.472217473298921,T,-0.6,0.271,-0.72,B1112d
1HUW,E,74,0.41296254823004513,D,0.7,-0.273,-1.98,B1112d
1HUW,E,74,0.41296254823004513,E,0,0,0,B1112d
1HUW,E,74,0.41296254823004513,Q,-1.8,0.054000000000000006,-1.24,B1112d
1IG5,V,61,1.8457166348709916e-4,G,3.1,-0.799,-4.35,B1112d
1IG5,V,61,1.8457166348709916e-4,V,0,0,0,B1112d
1IG5,F,66,0,F,0,0,0,B1112d
1IG5,F,66,0,W,0.2,0.379,-2.34,B1112d
1IG5,V,70,0.11015999560963721,L,-1,0.267,-1.2,B1112d
1IG5,V,70,0.11015999560963721,V,0,0,0,B1112d
1IHB,F,82,0.37221087612096226,F,0,0,0,B1112d
1IHB,F,82,0.37221087612096226,Q,5.3,-0.461,-0.46,B1112d
1IRK,W,1175,0.0058364174675767,F,-0.2,-0.379,0.6,B1112d
1IRK,W,1175,0.0058364174675767,W,0,0,0,B1112d
1ISP,M,137,0.4276348471068075,M,0,0,0,B1112d
1ISP,M,137,0.4276348471068075,P,2.3,-0.502,0.98,B1112d
1ISP,S,163,0.7761325811511784,P,-1.2,0.237,-0.25,B1112d
1ISP,S,163,0.7761325811511784,S,0,0,0,B1112d
1JBE,D,13,0.4275351828601885,A,-4.9,-0.225,2.7,B1112d
1JBE,D,13,0.4275351828601885,D,0,0,0,B1112d
1JBE,F,14,0.6403870033950214,F,0,0,0,B1112d
1JBE,F,14,0.6403870033950214,N,6.4,-0.758,2.9,B1112d
1LNI,R,40,0.7037864379887325,E,1.8,-0.35,-0.4,B1112d
1LNI,R,40,0.7037864379887325,R,0,0,0,B1112d
1OIA,Y,13,0.19357673225754962,T,2.4,-0.775,-1.3,B1112d
1OIA,Y,13,0.19357673225754962,Y,0,0,0,B1112d
1OIA,Y,31,0.45038370292573504,S,3,-1.046,-2.3,B1112d
1OIA,Y,31,0.45038370292573504,Y,0,0,0,B1112d
1OIA,Y,78,0.04014858507818787,D,6.8,-0.825,-5.1,B1112d
1OIA,Y,78,0.04014858507818787,Y,0,0,0,B1112d
1OIA,Y,86,0.09658085692630125,T,2.4,-0.775,-2.9,B1112d
1OIA,Y,86,0.09658085692630125,Y,0,0,0,B1112d
1OMP,W,10,0.11320022922981635,A,2.7,-1.392,-4.3,B1112d
1OMP,W,10,0.11320022922981635,W,0,0,0,B1112d
1OMP,P,159,0.007933474528741003,P,0,0,0,B1112d
1OMP,P,159,0.007933474528741003,S,1.2,-0.237,-1.7,B1112d
1OMP,A,276,0,A,0,0,0,B1112d
1OMP,A,276,0,G,0.9,-0.285,-1.89,B1112d
1ONC,F,28,0.02562712094771923,F,0,0,0,B1112d
1ONC,F,28,0.02562712094771923,T,3.4,-0.738,-5.31,B1112d
1PGA,M,1,0.6517908553079503,E,6.6,-0.245,0.64,B1112d
1PGA,M,1,0.6517908553079503,F,-0.5,0.27,1.14,B1112d
1PGA,M,1,0.6517908553079503,G,3.3,-1.028,0.3,B1112d
1PGA,M,1,0.6517908553079503,H,4.7,-0.09699999999999999,0.67,B1112d
1PGA,M,1,0.6517908553079503,M,0,0,0,B1112d
1PGA,M,1,0.6517908553079503,Q,4.8,-0.191,0.4,B1112d
1PGA,M,1,0.6517908553079503,S,3.5,-0.7390000000000001,0.68,B1112d
1PGA,M,1,0.6517908553079503,V,0.2,-0.22899999999999998,0.27,B1112d
1PGA,M,1,0.6517908553079503,Y,0.5,0.307,0.68,B1112d
1PGA,T,2,0.620591095962303,K,2.7,0.525,0.31,B1112d
1PGA,T,2,0.620591095962303,M,-2.9,0.46799999999999997,1,B1112d
1PGA,T,2,0.620591095962303,Q,1.9,0.27699999999999997,0.34,B1112d
1PGA,T,2,0.620591095962303,T,0,0,0,B1112d
1PGA,T,2,0.620591095962303,Y,-2.4,0.775,0.15,B1112d
1PGA,Y,3,0.011940750210344728,I,-1,-0.26899999999999996,-3.29,B1112d
1PGA,Y,3,0.011940750210344728,K,5.1,-0.25,0.88,B1112d
1PGA,Y,3,0.011940750210344728,M,-0.5,-0.307,-2.6,B1112d
1PGA,Y,3,0.011940750210344728,R,4.3,-0.20199999999999999,-1.22,B1112d
1PGA,Y,3,0.011940750210344728,Y,0,0,0,B1112d
1PGA,K,4,0.31248436524792494,D,1.7,-0.575,-2.05,B1112d
1PGA,K,4,0.31248436524792494,K,0,0,0,B1112d
1PGA,K,4,0.31248436524792494,V,-5.4,-0.28600000000000003,-0.27,B1112d
1PGA,L,5,0,L,0,0,0,B1112d
1PGA,L,5,0,Y,1.3,0.26899999999999996,-2.76,B1112d
1PGA,I,6,0.3668563870096978,E,7.1,-0.28300000000000003,-1.03,B1112d
1PGA,I,6,0.3668563870096978,I,0,0,0,B1112d
1PGA,I,6,0.3668563870096978,S,4,-0.777,-1.38,B1112d
1PGA,L,7,0.03510279626210076,D,8.1,-0.556,-3.11,B1112d
1PGA,L,7,0.03510279626210076,K,6.4,0.019,-2.76,B1112d
1PGA,L,7,0.03510279626210076,L,0,0,0,B1112d
1PGA,L,7,0.03510279626210076,P,3.1,-0.54,-2.88,B1112d
1PGA,L,7,0.03510279626210076,S,4.3,-0.777,-1.79,B1112d
1PGA,N,8,0.48878623850252595,F,-6.4,0.758,0.35,B1112d
1PGA,N,8,0.48878623850252595,L,-6.7,0.526,0.95,B1112d
1PGA,N,8,0.48878623850252595,M,-5.9,0.488,0.37,B1112d
1PGA,N,8,0.48878623850252595,N,0,0,0,B1112d
1PGA,N,8,0.48878623850252595,P,-3.6,-0.013999999999999999,-1.45,B1112d
1PGA,N,8,0.48878623850252595,Q,-1.1,0.297,0.29,B1112d
1PGA,N,8,0.48878623850252595,T,-3,0.02,-0.61,B1112d
1PGA,G,9,0.03861798523504698,F,-3.8,1.298,0,B1112d
1PGA,G,9,0.03861798523504698,G,0,0,0,B1112d
1PGA,G,9,0.03861798523504698,H,1.4,0.9309999999999999,-1.22,B1112d
1PGA,G,9,0.03861798523504698,K,2.3,1.085,-1.23,B1112d
1PGA,G,9,0.03861798523504698,M,-3.3,1.028,-0.55,B1112d
1PGA,G,9,0.03861798523504698,N,2.6,0.54,-1.29,B1112d
1PGA,G,9,0.03861798523504698,P,-1,0.526,-2.38,B1112d
1PGA,G,9,0.03861798523504698,R,1.5,1.133,-0.88,B1112d
1PGA,K,10,0.8143123621579803,D,1.7,-0.575,-0.5,B1112d
1PGA,K,10,0.8143123621579803,K,0,0,0,B1112d
1PGA,K,10,0.8143123621579803,P,-3.3,-0.5589999999999999,-0.18,B1112d
1PGA,T,11,0.9650268274991384,F,-3.4,0.738,0.76,B1112d
1PGA,T,11,0.9650268274991384,H,1.8,0.371,0.42,B1112d
1PGA,T,11,0.9650268274991384,T,0,0,0,B1112d
1PGA,L,12,0.33460669234909785,F,0.3,0.23199999999999998,1.26,B1112d
1PGA,L,12,0.33460669234909785,H,5.5,-0.135,0.28,B1112d
1PGA,L,12,0.33460669234909785,L,0,0,0,B1112d
1PGA,L,12,0.33460669234909785,N,6.7,-0.526,0.09,B1112d
1PGA,L,12,0.33460669234909785,Y,1.3,0.26899999999999996,1.78,B1112d
1PGA,K,13,0.6197586455791726,K,0,0,0,B1112d
1PGA,K,13,0.6197586455791726,Y,-5.1,0.25,0.69,B1112d
1PGA,G,14,0.42077782430809885,F,-3.8,1.298,0.67,B1112d
1PGA,G,14,0.42077782430809885,G,0,0,0,B1112d
1PGA,G,14,0.42077782430809885,H,1.4,0.9309999999999999,0.08,B1112d
1PGA,G,14,0.42077782430809885,I,-3.8,1.0659999999999998,0.81,B1112d
1PGA,G,14,0.42077782430809885,L,-4.1,1.0659999999999998,1.25,B1112d
1PGA,G,14,0.42077782430809885,M,-3.3,1.028,0.94,B1112d
1PGA,G,14,0.42077782430809885,N,2.6,0.54,0.03,B1112d
1PGA,G,14,0.42077782430809885,P,-1,0.526,-0.88,B1112d
1PGA,G,14,0.42077782430809885,T,-0.4,0.56,0.39,B1112d
1PGA,G,14,0.42077782430809885,Y,-2.8,1.335,0.24,B1112d
1PGA,E,15,0.595230933361894,E,0,0,0,B1112d
1PGA,E,15,0.595230933361894,N,-0.7,-0.243,0.16,B1112d
1PGA,E,15,0.595230933361894,P,-4.3,-0.257,-1.98,B1112d
1PGA,E,15,0.595230933361894,R,-1.8,0.35,0.28,B1112d
1PGA,E,15,0.595230933361894,V,-6.4,0.016,0.92,B1112d
1PGA,T,16,0.36012370636797986,P,-0.6,-0.034,-1.99,B1112d
1PGA,T,16,0.36012370636797986,T,0,0,0,B1112d
1PGA,T,16,0.36012370636797986,Y,-2.4,0.775,1.31,B1112d
1PGA,T,18,0.18521333827085126,R,1.9,0.573,-0.44,B1112d
1PGA,T,18,0.18521333827085126,T,0,0,0,B1112d
1PGA,E,19,0.769797598547274,E,0,0,0,B1112d
1PGA,E,19,0.769797598547274,H,-1.9,0.14800000000000002,0.02,B1112d
1PGA,E,19,0.769797598547274,M,-6.6,0.245,0.19,B1112d
1PGA,E,19,0.769797598547274,S,-3.1,-0.494,0.11,B1112d
1PGA,E,19,0.769797598547274,Y,-6.1,0.552,0.77,B1112d
1PGA,A,20,0.07848995583337234,A,0,0,0,B1112d
1PGA,A,20,0.07848995583337234,H,2.3,0.6459999999999999,-1.91,B1112d
1PGA,A,20,0.07848995583337234,M,-2.4,0.743,-1.43,B1112d
1PGA,A,20,0.07848995583337234,N,3.5,0.255,-2.85,B1112d
1PGA,V,21,0.8518767747245626,E,6.4,-0.016,0.76,B1112d
1PGA,V,21,0.8518767747245626,F,-0.7,0.499,1.1,B1112d
1PGA,V,21,0.8518767747245626,M,-0.2,0.22899999999999998,0.52,B1112d
1PGA,V,21,0.8518767747245626,N,5.7,-0.259,0.5,B1112d
1PGA,V,21,0.8518767747245626,P,2.1,-0.273,0.83,B1112d
1PGA,V,21,0.8518767747245626,R,4.6,0.33399999999999996,0.51,B1112d
1PGA,V,21,0.8518767747245626,V,0,0,0,B1112d
1PGA,V,21,0.8518767747245626,Y,0.3,0.536,0.64,B1112d
1PGA,D,22,0.47033201487766857,D,0,0,0,B1112d
1PGA,D,22,0.47033201487766857,F,-7.8,0.7879999999999999,-1.08,B1112d
1PGA,D,22,0.47033201487766857,I,-7.8,0.556,-2.21,B1112d
1PGA,D,22,0.47033201487766857,P,-5,0.016,-2.93,B1112d
1PGA,D,22,0.47033201487766857,S,-3.8,-0.221,0.62,B1112d
1PGA,D,22,0.47033201487766857,V,-7.1,0.289,-1.43,B1112d
1PGA,A,23,0.263984156481832,A,0,0,0,B1112d
1PGA,A,23,0.263984156481832,H,2.3,0.6459999999999999,-0.2,B1112d
1PGA,A,23,0.263984156481832,P,-0.1,0.24100000000000002,-0.14,B1112d
1PGA,A,23,0.263984156481832,Q,2.4,0.552,0.8,B1112d
1PGA,A,24,0.5255193647239881,A,0,0,0,B1112d
1PGA,A,24,0.5255193647239881,K,3.2,0.8,0.78,B1112d
1PGA,A,24,0.5255193647239881,S,1.1,0.004,0.22,B1112d
1PGA,T,25,0.4041345294233627,K,2.7,0.525,-0.08,B1112d
1PGA,T,25,0.4041345294233627,M,-2.9,0.46799999999999997,0.2,B1112d
1PGA,T,25,0.4041345294233627,P,-0.6,-0.034,-2.1,B1112d
1PGA,T,25,0.4041345294233627,T,0,0,0,B1112d
1PGA,A,26,0,A,0,0,0,B1112d
1PGA,A,26,0,P,-0.1,0.24100000000000002,-3.4,B1112d
1PGA,A,26,0,S,1.1,0.004,-2.33,B1112d
1PGA,E,27,0.3006115998301138,E,0,0,0,B1112d
1PGA,E,27,0.3006115998301138,V,-6.4,0.016,-0.91,B1112d
1PGA,K,28,0.5462724597528446,K,0,0,0,B1112d
1PGA,K,28,0.5462724597528446,S,-2.1,-0.7959999999999999,0.36,B1112d
1PGA,K,28,0.5462724597528446,Y,-5.1,0.25,0.25,B1112d
1PGA,V,29,0.42955397929729344,D,7.1,-0.289,-0.22,B1112d
1PGA,V,29,0.42955397929729344,F,-0.7,0.499,0.59,B1112d
1PGA,V,29,0.42955397929729344,N,5.7,-0.259,-0.22,B1112d
1PGA,V,29,0.42955397929729344,P,2.1,-0.273,-2.72,B1112d
1PGA,V,29,0.42955397929729344,Q,4.6,0.038,0.38,B1112d
1PGA,V,29,0.42955397929729344,V,0,0,0,B1112d
1PGA,F,30,0.025228358600481463,D,7.8,-0.7879999999999999,-0.5,B1112d
1PGA,F,30,0.025228358600481463,F,0,0,0,B1112d
1PGA,F,30,0.025228358600481463,M,0.5,-0.27,-1.66,B1112d
1PGA,F,30,0.025228358600481463,V,0.7,-0.499,-2.53,B1112d
1PGA,K,31,0.34704084619672954,K,0,0,0,B1112d
1PGA,K,31,0.34704084619672954,L,-6.4,-0.019,0.17,B1112d
1PGA,Q,32,0.6595063501709266,K,0.8,0.248,0.58,B1112d
1PGA,Q,32,0.6595063501709266,L,-5.6,0.22899999999999998,0.14,B1112d
1PGA,Q,32,0.6595063501709266,N,1.1,-0.297,-0.01,B1112d
1PGA,Q,32,0.6595063501709266,Q,0,0,0,B1112d
1PGA,Y,33,0.3851680159190143,I,-1,-0.26899999999999996,-0.14,B1112d
1PGA,Y,33,0.3851680159190143,K,5.1,-0.25,-1.53,B1112d
1PGA,Y,33,0.3851680159190143,N,5.4,-0.795,-1.95,B1112d
1PGA,Y,33,0.3851680159190143,R,4.3,-0.20199999999999999,-1.72,B1112d
1PGA,Y,33,0.3851680159190143,T,2.4,-0.775,-1.64,B1112d
1PGA,Y,33,0.3851680159190143,Y,0,0,0,B1112d
1PGA,A,34,0.011749689365063397,A,0,0,0,B1112d
1PGA,A,34,0.011749689365063397,H,2.3,0.6459999999999999,-3.19,B1112d
1PGA,A,34,0.011749689365063397,N,3.5,0.255,-1.46,B1112d
1PGA,A,34,0.011749689365063397,Q,2.4,0.552,-2.33,B1112d
1PGA,A,34,0.011749689365063397,R,2.4,0.848,-2.93,B1112d
1PGA,N,35,0.685091681625983,F,-6.4,0.758,1,B1112d
1PGA,N,35,0.685091681625983,L,-6.7,0.526,0.85,B1112d
1PGA,N,35,0.685091681625983,N,0,0,0,B1112d
1PGA,N,35,0.685091681625983,Q,-1.1,0.297,0.84,B1112d
1PGA,N,35,0.685091681625983,R,-1.1,0.593,0.33,B1112d
1PGA,N,35,0.685091681625983,S,-2.4,-0.251,0.76,B1112d
1PGA,N,35,0.685091681625983,Y,-5.4,0.795,0.93,B1112d
1PGA,D,36,0.7950886211409536,D,0,0,0,B1112d
1PGA,D,36,0.7950886211409536,E,-0.7,0.273,1.05,B1112d
1PGA,D,36,0.7950886211409536,L,-8.1,0.556,0.29,B1112d
1PGA,D,36,0.7950886211409536,P,-5,0.016,-2.7,B1112d
1PGA,D,36,0.7950886211409536,T,-4.4,0.05,-0.2,B1112d
1PGA,N,37,0.4885499081547417,E,0.7,0.243,0,B1112d
1PGA,N,37,0.4885499081547417,F,-6.4,0.758,1.01,B1112d
1PGA,N,37,0.4885499081547417,H,-1.2,0.391,0.7,B1112d
1PGA,N,37,0.4885499081547417,K,-0.3,0.545,1.02,B1112d
1PGA,N,37,0.4885499081547417,L,-6.7,0.526,0.95,B1112d
1PGA,N,37,0.4885499081547417,N,0,0,0,B1112d
1PGA,N,37,0.4885499081547417,P,-3.6,-0.013999999999999999,-3.69,B1112d
1PGA,N,37,0.4885499081547417,Q,-1.1,0.297,0.94,B1112d
1PGA,N,37,0.4885499081547417,Y,-5.4,0.795,0.78,B1112d
1PGA,G,38,0.8150127162748327,G,0,0,0,B1112d
1PGA,G,38,0.8150127162748327,H,1.4,0.9309999999999999,0.5,B1112d
1PGA,G,38,0.8150127162748327,I,-3.8,1.0659999999999998,-1.44,B1112d
1PGA,G,38,0.8150127162748327,N,2.6,0.54,0.3,B1112d
1PGA,G,38,0.8150127162748327,P,-1,0.526,-2.74,B1112d
1PGA,G,38,0.8150127162748327,T,-0.4,0.56,-1.01,B1112d
1PGA,V,39,0.05358647267426255,D,7.1,-0.289,-3.41,B1112d
1PGA,V,39,0.05358647267426255,E,6.4,-0.016,-0.27,B1112d
1PGA,V,39,0.05358647267426255,P,2.1,-0.273,-2.31,B1112d
1PGA,V,39,0.05358647267426255,Q,4.6,0.038,-1.52,B1112d
1PGA,V,39,0.05358647267426255,R,4.6,0.33399999999999996,-2.04,B1112d
1PGA,V,39,0.05358647267426255,V,0,0,0,B1112d
1PGA,D,40,0.881012245343919,D,0,0,0,B1112d
1PGA,D,40,0.881012245343919,F,-7.8,0.7879999999999999,0.82,B1112d
1PGA,D,40,0.881012245343919,P,-5,0.016,-1.72,B1112d
1PGA,D,40,0.881012245343919,R,-2.5,0.623,0.55,B1112d
1PGA,G,41,0.3361978073758036,F,-3.8,1.298,-2.32,B1112d
1PGA,G,41,0.3361978073758036,G,0,0,0,B1112d
1PGA,G,41,0.3361978073758036,I,-3.8,1.0659999999999998,0.58,B1112d
1PGA,G,41,0.3361978073758036,K,2.3,1.085,-2.41,B1112d
1PGA,G,41,0.3361978073758036,R,1.5,1.133,0.43,B1112d
1PGA,G,41,0.3361978073758036,Y,-2.8,1.335,-2.49,B1112d
1PGA,E,42,0.826863480647994,E,0,0,0,B1112d
1PGA,E,42,0.826863480647994,I,-7.1,0.28300000000000003,1.19,B1112d
1PGA,E,42,0.826863480647994,M,-6.6,0.245,0.42,B1112d
1PGA,E,42,0.826863480647994,N,-0.7,-0.243,0.25,B1112d
1PGA,E,42,0.826863480647994,V,-6.4,0.016,0.28,B1112d
1PGA,Y,45,0.3482233577368051,I,-1,-0.26899999999999996,-2.24,B1112d
1PGA,Y,45,0.3482233577368051,K,5.1,-0.25,-3.12,B1112d
1PGA,Y,45,0.3482233577368051,M,-0.5,-0.307,-2.49,B1112d
1PGA,Y,45,0.3482233577368051,R,4.3,-0.20199999999999999,-2.22,B1112d
1PGA,Y,45,0.3482233577368051,V,-0.3,-0.536,-2.53,B1112d
1PGA,Y,45,0.3482233577368051,Y,0,0,0,B1112d
1PGA,D,46,0.4916821034483778,D,0,0,0,B1112d
1PGA,D,46,0.4916821034483778,F,-7.8,0.7879999999999999,-0.52,B1112d
1PGA,D,46,0.4916821034483778,H,-2.6,0.42100000000000004,-0.84,B1112d
1PGA,D,46,0.4916821034483778,M,-7.3,0.518,-0.84,B1112d
1PGA,D,46,0.4916821034483778,Q,-2.5,0.327,-0.38,B1112d
1PGA,D,46,0.4916821034483778,R,-2.5,0.623,-1.72,B1112d
1PGA,D,46,0.4916821034483778,S,-3.8,-0.221,-0.2,B1112d
1PGA,D,46,0.4916821034483778,Y,-6.8,0.825,-1.31,B1112d
1PGA,D,47,0.5644720199199343,D,0,0,0,B1112d
1PGA,D,47,0.5644720199199343,E,-0.7,0.273,0.69,B1112d
1PGA,D,47,0.5644720199199343,L,-8.1,0.556,-0.33,B1112d
1PGA,D,47,0.5644720199199343,M,-7.3,0.518,-0.75,B1112d
1PGA,D,47,0.5644720199199343,P,-5,0.016,0.9,B1112d
1PGA,D,47,0.5644720199199343,Q,-2.5,0.327,0.58,B1112d
1PGA,T,49,0.6215351320907584,R,1.9,0.573,-0.47,B1112d
1PGA,T,49,0.6215351320907584,T,0,0,0,B1112d
1PGA,K,50,0.28618502563871406,D,1.7,-0.575,-1.33,B1112d
1PGA,K,50,0.28618502563871406,H,-0.9,-0.154,0.82,B1112d
1PGA,K,50,0.28618502563871406,I,-6.1,-0.019,-1.52,B1112d
1PGA,K,50,0.28618502563871406,K,0,0,0,B1112d
1PGA,K,50,0.28618502563871406,T,-2.7,-0.525,-1.17,B1112d
1PGA,T,51,0.10099682004718646,H,1.8,0.371,-2.16,B1112d
1PGA,T,51,0.10099682004718646,K,2.7,0.525,-1.38,B1112d
1PGA,T,51,0.10099682004718646,M,-2.9,0.46799999999999997,-0.98,B1112d
1PGA,T,51,0.10099682004718646,T,0,0,0,B1112d
1PGA,F,52,0.02568105461833177,F,0,0,0,B1112d
1PGA,F,52,0.02568105461833177,H,5.2,-0.36700000000000005,-2.66,B1112d
1PGA,F,52,0.02568105461833177,I,0,-0.23199999999999998,-0.24,B1112d
1PGA,F,52,0.02568105461833177,M,0.5,-0.27,-2.71,B1112d
1PGA,V,54,0.0034799974774966445,D,7.1,-0.289,-2.67,B1112d
1PGA,V,54,0.0034799974774966445,Q,4.6,0.038,-2.91,B1112d
1PGA,V,54,0.0034799974774966445,V,0,0,0,B1112d
1PGA,T,55,0.40385804398185077,F,-3.4,0.738,-0.19,B1112d
1PGA,T,55,0.40385804398185077,T,0,0,0,B1112d
1PGA,E,56,0.4965433215968866,E,0,0,0,B1112d
1PGA,E,56,0.4965433215968866,H,-1.9,0.14800000000000002,-1.06,B1112d
1PGA,E,56,0.4965433215968866,I,-7.1,0.28300000000000003,0.02,B1112d
1PGA,E,56,0.4965433215968866,M,-6.6,0.245,-0.29,B1112d
1PGA,E,56,0.4965433215968866,R,-1.8,0.35,-1.34,B1112d
1PGA,E,56,0.4965433215968866,S,-3.1,-0.494,-0.17,B1112d
1PGA,E,56,0.4965433215968866,Y,-6.1,0.552,0.68,B1112d
1QGV,G,126,0.7110190703022797,D,4,0.51,-1.71,B1112d
1QGV,G,126,0.7110190703022797,G,0,0,0,B1112d
1QLP,F,51,4.2574032410772343e-4,C,0.3,-0.8140000000000001,3.01,B1112d
1QLP,F,51,4.2574032410772343e-4,F,0,0,0,B1112d
1QLP,V,145,0.054430858367912234,I,-0.7,0.267,0.2,B1112d
1QLP,V,145,0.054430858367912234,V,0,0,0,B1112d
1QLP,A,183,0.009197699017264995,A,0,0,0,B1112d
1QLP,A,183,0.009197699017264995,F,-2.9,1.013,1.5,B1112d
1QLP,A,183,0.009197699017264995,I,-2.9,0.7809999999999999,1.8,B1112d
1QLP,A,248,0.005518089242789678,A,0,0,0,B1112d
1QLP,A,248,0.005518089242789678,F,-2.9,1.013,1.8,B1112d
1QLP,A,248,0.005518089242789678,I,-2.9,0.7809999999999999,2.2,B1112d
1QLP,A,250,0,A,0,0,0,B1112d
1QLP,A,250,0,L,-3.2,0.7809999999999999,-1,B1112d
1QLP,A,284,0,A,0,0,0,B1112d
1QLP,A,284,0,V,-2.2,0.514,0.8,B1112d
1QLP,M,374,0.006481184295996812,I,-0.5,0.038,2.3,B1112d
1QLP,M,374,0.006481184295996812,M,0,0,0,B1112d
1RG8,C,117,0.15300917268140665,C,0,0,0,B1112d
1RG8,C,117,0.15300917268140665,S,3.7,-0.195,-0.93,B1112d
1RHG,E,46,0.6865594202220304,A,-4.2,-0.498,-0.25,B1112d
1RHG,E,46,0.6865594202220304,E,0,0,0,B1112d
1RHG,L,50,0.24480280391860343,E,7.4,-0.28300000000000003,1.1,B1112d
1RHG,L,50,0.24480280391860343,L,0,0,0,B1112d
1RHG,G,149,0,A,-0.9,0.285,2.29,B1112d
1RHG,G,149,0,G,0,0,0,B1112d
1SCE,P,90,0.2879450836653619,G,1,-0.526,1.33,B1112d
1SCE,P,90,0.2879450836653619,P,0,0,0,B1112d
1STN,L,25,0,E,7.4,-0.28300000000000003,-6.4,B1112d
1STN,L,25,0,L,0,0,0,B1112d
1STN,F,34,3.0842864714914837e-4,E,7.1,-0.515,-5.4,B1112d
1STN,F,34,3.0842864714914837e-4,E,7.1,-0.515,-7.9,B1112d
1STN,F,34,3.0842864714914837e-4,F,0,0,0,B1112d
1STN,T,62,6.271205405408334e-4,E,3.7,0.223,-6.7,B1112d
1STN,T,62,6.271205405408334e-4,T,0,0,0,B1112d
1STN,V,66,0.020168897489950634,K,5.4,0.28600000000000003,-5.2,B1112d
1STN,V,66,0.020168897489950634,V,0,0,0,B1112d
1STN,V,74,0,E,6.4,-0.016,-6.1,B1112d
1STN,V,74,0,V,0,0,0,B1112d
1STN,N,100,0,E,0.7,0.243,-1.2,B1112d
1STN,N,100,0,E,0.7,0.243,-4.5,B1112d
1STN,N,100,0,N,0,0,0,B1112d
1STN,L,103,0,E,7.4,-0.28300000000000003,-4.2,B1112d
1STN,L,103,0,L,0,0,0,B1112d
1STN,V,104,1.559339463742457e-4,E,6.4,-0.016,-7.4,B1112d
1STN,V,104,1.559339463742457e-4,V,0,0,0,B1112d
1STN,N,118,0.06629987475300562,E,0.7,0.243,-1.9,B1112d
1STN,N,118,0.06629987475300562,N,0,0,0,B1112d
1TEN,Y,858,0.28867271195223304,A,1.9,-1.05,-1.38,B1112d
1TEN,Y,858,0.28867271195223304,G,2.8,-1.335,-2.76,B1112d
1TEN,Y,858,0.28867271195223304,Y,0,0,0,B1112d
1TEN,I,860,0.02787763434716406,A,2.9,-0.7809999999999999,-2.06,B1112d
1TEN,I,860,0.02787763434716406,I,0,0,0,B1112d
1TEN,I,860,0.02787763434716406,V,0.7,-0.267,-0.83,B1112d
1TEN,T,867,0.12231740984569318,S,0.6,-0.271,-1.22,B1112d
1TEN,T,867,0.12231740984569318,T,0,0,0,B1112d
1TEN,Y,869,0.04414550303879919,F,-1,-0.037000000000000005,-3.13,B1112d
1TEN,Y,869,0.04414550303879919,Y,0,0,0,B1112d
1TEN,V,871,8.251908649996742e-4,A,2.2,-0.514,-2.81,B1112d
1TEN,V,871,8.251908649996742e-4,V,0,0,0,B1112d
1TEN,L,873,0.00231989617412365,A,3.2,-0.7809999999999999,-3.06,B1112d
1TEN,L,873,0.00231989617412365,L,0,0,0,B1112d
1TEN,P,884,0.5502340787845408,A,0.1,-0.24100000000000002,-0.11,B1112d
1TEN,P,884,0.5502340787845408,P,0,0,0,B1112d
1TEN,A,885,0.25924024507117027,A,0,0,0,B1112d
1TEN,A,885,0.25924024507117027,G,0.9,-0.285,-1.09,B1112d
1TEN,E,887,0.3496250407487849,A,-4.2,-0.498,1.61,B1112d
1TEN,E,887,0.3496250407487849,E,0,0,0,B1112d
1TEN,E,887,0.3496250407487849,G,-3.3,-0.7829999999999999,-1.95,B1112d
1TEN,F,889,0.08606283737014764,A,2.9,-1.013,-5.43,B1112d
1TEN,F,889,0.08606283737014764,F,0,0,0,B1112d
1TTG,W,22,0.06384091098478531,F,-0.2,-0.379,-1.94,B1112d
1TTG,W,22,0.06384091098478531,W,0,0,0,B1112d
1TTG,Y,32,0.008710178924353598,L,-1.3,-0.26899999999999996,-2.4,B1112d
1TTG,Y,32,0.008710178924353598,Y,0,0,0,B1112d
1TTG,P,87,0.4612830334170418,A,0.1,-0.24100000000000002,-0.21,B1112d
1TTG,P,87,0.4612830334170418,P,0,0,0,B1112d
1U5P,H,1772,0.06857905716627107,G,-1.4,-0.9309999999999999,-0.5,B1112d
1U5P,H,1772,0.06857905716627107,H,0,0,0,B1112d
1U5P,F,1774,0.050318137672202674,F,0,0,0,B1112d
1U5P,F,1774,0.050318137672202674,L,-0.3,-0.23199999999999998,-1.3,B1112d
1U5P,R,1776,0.5877576553644593,G,-1.5,-1.133,-1.9,B1112d
1U5P,R,1776,0.5877576553644593,R,0,0,0,B1112d
1U5P,S,1783,0.5271390524370486,G,-0.2,-0.289,-0.5,B1112d
1U5P,S,1783,0.5271390524370486,S,0,0,0,B1112d
1U5P,I,1785,0.00995828470515098,A,2.9,-0.7809999999999999,-3.65,B1112d
1U5P,I,1785,0.00995828470515098,I,0,0,0,B1112d
1U5P,L,1818,5.916219078042685e-4,A,3.2,-0.7809999999999999,-3.8,B1112d
1U5P,L,1818,5.916219078042685e-4,L,0,0,0,B1112d
1U5P,I,1846,0.002633887355454582,I,0,0,0,B1112d
1U5P,I,1846,0.002633887355454582,V,0.7,-0.267,-0.6,B1112d
1U5P,F,1853,0,A,2.9,-1.013,-2.8,B1112d
1U5P,F,1853,0,F,0,0,0,B1112d
1UBQ,V,26,0,G,3.1,-0.799,-6.3,B1112d
1UBQ,V,26,0,V,0,0,0,B1112d
1V7Y,E,49,0.010525978681852703,C,-6.8,-0.299,2.2,B1112d
1V7Y,E,49,0.010525978681852703,E,0,0,0,B1112d
1V7Y,E,49,0.010525978681852703,H,-1.9,0.14800000000000002,1.3,B1112d
1V7Y,E,49,0.010525978681852703,M,-6.6,0.245,4.5,B1112d
1V7Y,E,49,0.010525978681852703,N,-0.7,-0.243,-0.6,B1112d
1V7Y,E,49,0.010525978681852703,W,-6.9,0.894,1.1,B1112d
1V7Y,P,96,0.009143100246591188,A,0.1,-0.24100000000000002,-1.21,B1112d
1V7Y,P,96,0.009143100246591188,P,0,0,0,B1112d
1V7Y,F,139,0.06260769356780148,F,0,0,0,B1112d
1V7Y,F,139,0.06260769356780148,W,0.2,0.379,-0.65,B1112d
1V7Y,G,211,0.17545273935653022,E,3.3,0.7829999999999999,2.4,B1112d
1V7Y,G,211,0.17545273935653022,G,0,0,0,B1112d
1V7Y,G,211,0.17545273935653022,W,-3.6,1.6769999999999998,-1.35,B1112d
1XPB,C,77,0,C,0,0,0,B1112d
1XPB,C,77,0,S,3.7,-0.195,-1.68,B1112d
1YCC,H,26,0.33800457233995557,H,0,0,0,B1112d
1YCC,H,26,0.33800457233995557,Y,-4.2,0.40399999999999997,-1.96,B1112d
1YCC,N,52,0.11802891743713285,H,-1.2,0.391,-1.7,B1112d
1YCC,N,52,0.11802891743713285,I,-6.4,0.526,4.1,B1112d
1YCC,N,52,0.11802891743713285,L,-6.7,0.526,4.73,B1112d
1YCC,N,52,0.11802891743713285,M,-5.9,0.488,4.04,B1112d
1YCC,N,52,0.11802891743713285,N,0,0,0,B1112d
1YCC,N,52,0.11802891743713285,Q,-1.1,0.297,-0.84,B1112d
1YCC,N,52,0.11802891743713285,T,-3,0.02,1.9,B1112d
1YCC,N,52,0.11802891743713285,V,-5.7,0.259,2.02,B1112d
1YCC,P,71,0.05749441398948502,P,0,0,0,B1112d
1YCC,P,71,0.05749441398948502,V,-2.1,0.273,-1,B1112d
1YCC,K,73,0.9193639136455825,H,-0.9,-0.154,-1.92,B1112d
1YCC,K,73,0.9193639136455825,K,0,0,0,B1112d
1YTC,P,71,0.06467888006301617,P,0,0,0,B1112d
1YTC,P,71,0.06467888006301617,T,0.6,0.034,-0.8,B1112d
2CI2,E,34,0.5283685097310065,E,0,0,0,B1112d
2CI2,E,34,0.5283685097310065,N,-0.7,-0.243,-0.08,B1112d
2CI2,E,34,0.5283685097310065,Q,-1.8,0.054000000000000006,-0.68,B1112d
2CI2,L,40,0.4495672047872797,G,4.1,-1.0659999999999998,-2.09,B1112d
2CI2,L,40,0.4495672047872797,L,0,0,0,B1112d
2CI2,D,42,0.4497772271602939,A,-4.9,-0.225,-1.05,B1112d
2CI2,D,42,0.4497772271602939,D,0,0,0,B1112d
2CI2,F,69,0.1791423538398215,F,0,0,0,B1112d
2CI2,F,69,0.1791423538398215,L,-0.3,-0.23199999999999998,-1.92,B1112d
2CI2,K,72,1.0093789129382855,K,0,0,0,B1112d
2CI2,K,72,1.0093789129382855,N,0.3,-0.545,-1.21,B1112d
2CI2,N,75,0.3112294679855096,A,-3.5,-0.255,-1.22,B1112d
2CI2,N,75,0.3112294679855096,D,1.4,-0.03,-1.51,B1112d
2CI2,N,75,0.3112294679855096,N,0,0,0,B1112d
2IMM,K,24,0.5451267115535147,K,0,0,0,B1112d
2IMM,K,24,0.5451267115535147,R,-0.8,0.048,-0.17,B1112d
2IMM,N,90,0.002740834543224315,N,0,0,0,B1112d
2IMM,N,90,0.002740834543224315,Q,-1.1,0.297,1.05,B1112d
2LZM,M,6,0,I,-0.5,0.038,-4.78,B1112d
2LZM,M,6,0,M,0,0,0,B1112d
2LZM,Y,25,0.1330683474194888,G,2.8,-1.335,-4.55,B1112d
2LZM,Y,25,0.1330683474194888,Y,0,0,0,B1112d
2LZM,G,51,0.8240549630073088,D,4,0.51,-2.63,B1112d
2LZM,G,51,0.8240549630073088,G,0,0,0,B1112d
2LZM,C,54,0.032673574105782144,C,0,0,0,B1112d
2LZM,C,54,0.032673574105782144,Y,0.7,0.851,-5.02,B1112d
2LZM,I,58,0.03135190219529714,I,0,0,0,B1112d
2LZM,I,58,0.03135190219529714,Y,1,0.26899999999999996,-3.11,B1112d
2LZM,A,98,0,A,0,0,0,B1112d
2LZM,A,98,0,T,0.5,0.275,-3.83,B1112d
2LZM,Q,105,0.33418604632315857,G,-1.5,-0.8370000000000001,-3.11,B1112d
2LZM,Q,105,0.33418604632315857,Q,0,0,0,B1112d
2LZM,W,126,0.19430308901592597,R,5.1,-0.544,-5.74,B1112d
2LZM,W,126,0.19430308901592597,W,0,0,0,B1112d
2LZM,W,138,0.05099052239195701,W,0,0,0,B1112d
2LZM,W,138,0.05099052239195701,Y,0.8,-0.342,-2.87,B1112d
2LZM,A,146,0,A,0,0,0,B1112d
2LZM,A,146,0,T,0.5,0.275,-2.87,B1112d
2LZM,F,153,0.004922444861508157,C,0.3,-0.8140000000000001,-3.11,B1112d
2LZM,F,153,0.004922444861508157,F,0,0,0,B1112d
2LZM,T,157,0.3833835159395049,F,-3.4,0.738,-4.07,B1112d
2LZM,T,157,0.3833835159395049,T,0,0,0,B1112d
2LZM,A,160,0.15579955137874288,A,0,0,0,B1112d
2LZM,A,160,0.15579955137874288,T,0.5,0.275,-4.55,B1112d
2PPN,T,21,0.22458260236251726,T,0,0,0,B1112d
2PPN,T,21,0.22458260236251726,V,-2.7,0.239,0.86,B1112d
2PPN,I,56,0.1438226338243615,D,7.8,-0.556,-3.16,B1112d
2PPN,I,56,0.1438226338243615,I,0,0,0,B1112d
2PPN,I,56,0.1438226338243615,T,3.4,-0.506,-1.81,B1112d
2PPN,R,57,0.5473957647844955,G,-1.5,-1.133,2.1,B1112d
2PPN,R,57,0.5473957647844955,R,0,0,0,B1112d
2PPN,W,59,0.036102949198467287,L,-0.5,-0.611,-2.35,B1112d
2PPN,W,59,0.036102949198467287,W,0,0,0,B1112d
2PPN,E,60,0.09501410622978528,E,0,0,0,B1112d
2PPN,E,60,0.09501410622978528,G,-3.3,-0.7829999999999999,2.68,B1112d
2Q98,H,138,0.1501174477896103,A,-2.3,-0.6459999999999999,0.58,B1112d
2Q98,H,138,0.1501174477896103,H,0,0,0,B1112d
2RJX,H,41,0.02259224924666243,H,0,0,0,B1112d
2RJX,H,41,0.02259224924666243,Y,-4.2,0.40399999999999997,1.1,B1112d
2RN2,D,10,0.1513388064249355,A,-4.9,-0.225,3.3,B1112d
2RN2,D,10,0.1513388064249355,D,0,0,0,B1112d
2RN2,I,53,0,F,0,0.23199999999999998,-3.9,B1112d
2RN2,I,53,0,I,0,0,0,B1112d
2RN2,S,68,0.017949196079586272,S,0,0,0,B1112d
2RN2,S,68,0.017949196079586272,V,-3.3,0.51,1.29,B1112d
3B0K,T,29,0.0015037063901118769,I,-3.4,0.506,4.4,B1112d
3B0K,T,29,0.0015037063901118769,T,0,0,0,B1112d
3B0K,A,30,0.0019333703907622889,A,0,0,0,B1112d
3B0K,A,30,0.0019333703907622889,I,-2.9,0.7809999999999999,2.4,B1112d
3GP6,W,51,0.7549940062875496,A,2.7,-1.392,-0.45,B1112d
3GP6,W,51,0.7549940062875496,W,0,0,0,B1112d
3GP6,Q,139,0.009363525433702603,A,-2.4,-0.552,-0.97,B1112d
3GP6,Q,139,0.009363525433702603,Q,0,0,0,B1112d
3I40,T,8,0.7290117722616326,H,1.8,0.371,1.76,B1112d
3I40,T,8,0.7290117722616326,T,0,0,0,B1112d
3I40,H,10,0.6454553939191134,D,2.6,-0.42100000000000004,1.3,B1112d
3I40,H,10,0.6454553939191134,E,1.9,-0.14800000000000002,1.44,B1112d
3I40,H,10,0.6454553939191134,H,0,0,0,B1112d
3I40,F,25,0.4493222750285286,F,0,0,0,B1112d
3I40,F,25,0.4493222750285286,H,5.2,-0.36700000000000005,1,B1112d
3MVT,W,117,0.2538376376854762,F,-0.2,-0.379,4.74,B1112d
3MVT,W,117,0.2538376376854762,W,0,0,0,B1112d
3PF4,E,3,0.7327454405415215,E,0,0,0,B1112d
3PF4,E,3,0.7327454405415215,R,-1.8,0.35,0.88,B1112d
3PF4,F,15,0.07207794127905533,A,2.9,-1.013,-2.27,B1112d
3PF4,F,15,0.07207794127905533,F,0,0,0,B1112d
3PF4,E,66,0.8474998761153602,E,0,0,0,B1112d
3PF4,E,66,0.8474998761153602,L,-7.4,0.28300000000000003,1.34,B1112d
3PGK,Y,122,0.39352728514139834,W,-0.8,0.342,-0.74,B1112d
3PGK,Y,122,0.39352728514139834,Y,0,0,0,B1112d
3PGK,H,388,0.023436129195377693,H,0,0,0,B1112d
3PGK,H,388,0.023436129195377693,Q,0.1,-0.094,-0.84,B1112d
3SIL,A,53,0,A,0,0,0,B1112d
3SIL,A,53,0,L,-3.2,0.7809999999999999,0.81,B1112d
3SNF,M,23,0,L,-0.8,0.038,-2.84,B1112d
3SNF,M,23,0,M,0,0,0,B1112d
3UA6,E,107,0.055678809418812425,E,0,0,0,B1112d
3UA6,E,107,0.055678809418812425,H,-1.9,0.14800000000000002,-0.99,B1112d
3UA6,E,107,0.055678809418812425,P,-4.3,-0.257,-1.71,B1112d
3UA6,E,107,0.055678809418812425,V,-6.4,0.016,-2,B1112d
3UA6,S,124,0.0075417304983923,G,-0.2,-0.289,-1.68,B1112d
3UA6,S,124,0.0075417304983923,H,1.2,0.642,-1.25,B1112d
3UA6,S,124,0.0075417304983923,N,2.4,0.251,-0.73,B1112d
3UA6,S,124,0.0075417304983923,S,0,0,0,B1112d
3UA6,S,124,0.0075417304983923,V,-3.3,0.51,-1.1,B1112d
451C,F,34,0.12200059534862084,F,0,0,0,B1112d
451C,F,34,0.12200059534862084,Y,1,0.037000000000000005,1.33,B1112d
451C,E,43,0.5589642558649779,E,0,0,0,B1112d
451C,E,43,0.5589642558649779,Y,-6.1,0.552,1.13,B1112d
4LYZ,I,55,0.016907733839636802,I,0,0,0,B1112d
4LYZ,I,55,0.016907733839636802,T,3.4,-0.506,-3.3,B1112d
4P2P,H,48,0.07179937897434872,H,0,0,0,B1112d
4P2P,H,48,0.07179937897434872,K,0.9,0.154,-3.21,B1112d
4POC,Q,179,0.6914197723159238,D,2.5,-0.327,1.5,B1112d
4POC,Q,179,0.6914197723159238,Q,0,0,0,B1112d
5C0Z,H,26,0.27163456812767683,H,0,0,0,B1112d
5C0Z,H,26,0.27163456812767683,V,-4.5,-0.132,-3.78,B1112d
5C0Z,P,30,0.12532248124247392,P,0,0,0,B1112d
5C0Z,P,30,0.12532248124247392,V,-2.1,0.273,-5,B1112d
5C0Z,N,52,0.1538115398601413,I,-6.4,0.526,-3.14,B1112d
5C0Z,N,52,0.1538115398601413,N,0,0,0,B1112d
5CE4,F,16,0.2096988825008726,F,0,0,0,B1112d
5CE4,F,16,0.2096988825008726,Y,1,0.037000000000000005,-3.44,B1112d
5CE4,T,40,0.023139034784111275,E,3.7,0.223,-3.27,B1112d
5CE4,T,40,0.023139034784111275,Q,1.9,0.27699999999999997,-4.37,B1112d
5CE4,T,40,0.023139034784111275,T,0,0,0,B1112d
5CE4,F,57,0.42863198389963086,F,0,0,0,B1112d
5CE4,F,57,0.42863198389963086,S,4,-1.0090000000000001,-3.63,B1112d
5CE4,R,106,0.08235657057418272,R,0,0,0,B1112d
5CE4,R,106,0.08235657057418272,T,-1.9,-0.573,-3.54,B1112d
5CE4,R,126,0.06341203931520664,K,0.8,-0.048,-4.66,B1112d
5CE4,R,126,0.06341203931520664,Q,0,-0.29600000000000004,-0.62,B1112d
5CE4,R,126,0.06341203931520664,R,0,0,0,B1112d
5CGQ,F,22,0.07590361111686696,F,0,0,0,B1112d
5CGQ,F,22,0.07590361111686696,I,0,-0.23199999999999998,-2.38,B1112d
5CGQ,F,22,0.07590361111686696,V,0.7,-0.499,-1.71,B1112d
5LVE,M,4,0.03628082629449603,L,-0.8,0.038,1.1,B1112d
5LVE,M,4,0.03628082629449603,M,0,0,0,B1112d
5LVE,L,15,0.5762445370839606,L,0,0,0,B1112d
5LVE,L,15,0.5762445370839606,P,3.1,-0.54,-1.5,B1112d
5LVE,N,28,0.40035307488854516,F,-6.4,0.758,-3.1,B1112d
5LVE,N,28,0.40035307488854516,N,0,0,0,B1112d
5LVE,K,39,0.3106110747140603,K,0,0,0,B1112d
5LVE,K,39,0.3106110747140603,T,-2.7,-0.525,-2.6,B1112d
5LVE,P,40,0.7734854221784824,L,-3.1,0.54,-1.7,B1112d
5LVE,P,40,0.7734854221784824,P,0,0,0,B1112d
5T4L,K,63,0.8251041536790582,E,1,-0.302,-4.85,B1112d
5T4L,K,63,0.8251041536790582,K,0,0,0,B1112d
5T4L,E,253,0.33295055379780414,E,0,0,0,B1112d
5T4L,E,253,0.33295055379780414,K,-1,0.302,-7.35,B1112d
5T4L,R,254,0.3709564124373492,K,0.8,-0.048,-6.3,B1112d
5T4L,R,254,0.3709564124373492,M,-4.8,-0.105,-3.6,B1112d
5T4L,R,254,0.3709564124373492,R,0,0,0,B1112d
5T4L,C,258,0,A,2.6,-0.19899999999999998,-2.5,B1112d
5T4L,C,258,0,C,0,0,0,B1112d
9ILB,R,4,0.7215602857808899,Q,0,-0.29600000000000004,-1,B1112d
9ILB,R,4,0.7215602857808899,R,0,0,0,B1112d
9ILB,N,7,0.15403069362513788,D,1.4,-0.03,0.43,B1112d
9ILB,N,7,0.15403069362513788,N,0,0,0,B1112d
9ILB,C,8,0,A,2.6,-0.19899999999999998,-2.52,B1112d
9ILB,C,8,0,C,0,0,0,B1112d
9ILB,C,8,0,S,3.7,-0.195,-4.8,B1112d
9ILB,T,9,0.026127621588890797,G,0.4,-0.56,-3.7,B1112d
9ILB,T,9,0.026127621588890797,T,0,0,0,B1112d
9ILB,L,10,0.03860948018515957,A,3.2,-0.7809999999999999,-5.1,B1112d
9ILB,L,10,0.03860948018515957,L,0,0,0,B1112d
9ILB,K,97,0.579224628236054,K,0,0,0,B1112d
9ILB,K,97,0.579224628236054,R,-0.8,0.048,-3.1,B1112d
9ILB,K,97,0.579224628236054,V,-5.4,-0.28600000000000003,1.5,B1112d
