Wild,Mutated,Hdiff,Vdiff
A,A,0,0
A,R,2.4000000000000004,84.80000000000001
A,N,3.5,25.5
A,D,4.9,22.5
A,C,-2.5999999999999996,19.900000000000006
A,Q,2.4000000000000004,55.20000000000002
A,E,4.200000000000001,49.80000000000001
A,G,0.9000000000000004,-28.499999999999993
A,H,2.3000000000000007,64.6
A,I,-2.8999999999999995,78.1
A,L,-3.1999999999999993,78.1
A,K,3.200000000000001,80
A,M,-2.3999999999999995,74.30000000000001
A,F,-2.8999999999999995,101.30000000000001
A,P,-0.09999999999999964,24.10000000000001
A,S,1.0999999999999996,0.4000000000000057
A,T,0.5,27.5
A,W,-2.6999999999999993,139.20000000000002
A,Y,-1.8999999999999995,105
A,V,-2.1999999999999993,51.400000000000006
R,A,-2.4000000000000004,-84.80000000000001
R,R,0,0
R,N,1.0999999999999996,-59.30000000000001
R,D,2.5,-62.30000000000001
R,C,-5,-64.9
R,Q,0,-29.599999999999994
R,E,1.8000000000000007,-35
R,G,-1.5,-113.30000000000001
R,H,-0.09999999999999964,-20.200000000000017
R,I,-5.3,-6.700000000000017
R,L,-5.6,-6.700000000000017
R,K,0.8000000000000007,-4.800000000000011
R,M,-4.8,-10.5
R,F,-5.3,16.5
R,P,-2.5,-60.7
R,S,-1.3000000000000007,-84.4
R,T,-1.9000000000000004,-57.30000000000001
R,W,-5.1,54.400000000000006
R,Y,-4.3,20.19999999999999
R,V,-4.6,-33.400000000000006
N,A,-3.5,-25.5
N,R,-1.0999999999999996,59.30000000000001
N,N,0,0
N,D,1.4000000000000004,-3
N,C,-6.1,-5.599999999999994
N,Q,-1.0999999999999996,29.700000000000017
N,E,0.7000000000000011,24.30000000000001
N,G,-2.5999999999999996,-53.99999999999999
N,H,-1.1999999999999993,39.099999999999994
N,I,-6.3999999999999995,52.599999999999994
N,L,-6.699999999999999,52.599999999999994
N,K,-0.29999999999999893,54.5
N,M,-5.8999999999999995,48.80000000000001
N,F,-6.3999999999999995,75.80000000000001
N,P,-3.5999999999999996,-1.3999999999999915
N,S,-2.4000000000000004,-25.099999999999994
N,T,-3,2
N,W,-6.199999999999999,113.70000000000002
N,Y,-5.3999999999999995,79.5
N,V,-5.699999999999999,25.900000000000006
D,A,-4.9,-22.5
D,R,-2.5,62.30000000000001
D,N,-1.4000000000000004,3
D,D,0,0
D,C,-7.5,-2.5999999999999943
D,Q,-2.5,32.70000000000002
D,E,-0.6999999999999993,27.30000000000001
D,G,-4,-50.99999999999999
D,H,-2.5999999999999996,42.099999999999994
D,I,-7.8,55.599999999999994
D,L,-8.1,55.599999999999994
D,K,-1.6999999999999993,57.5
D,M,-7.3,51.80000000000001
D,F,-7.8,78.80000000000001
D,P,-5,1.6000000000000085
D,S,-3.8000000000000007,-22.099999999999994
D,T,-4.4,5
D,W,-7.6,116.70000000000002
D,Y,-6.8,82.5
D,V,-7.1,28.900000000000006
C,A,2.5999999999999996,-19.900000000000006
C,R,5,64.9
C,N,6.1,5.599999999999994
C,D,7.5,2.5999999999999943
C,C,0,0
C,Q,5,35.30000000000001
C,E,6.800000000000001,29.900000000000006
C,G,3.5,-48.4
C,H,4.9,44.69999999999999
C,I,-0.2999999999999998,58.19999999999999
C,L,-0.5999999999999996,58.19999999999999
C,K,5.800000000000001,60.099999999999994
C,M,0.20000000000000018,54.400000000000006
C,F,-0.2999999999999998,81.4
C,P,2.5,4.200000000000003
C,S,3.6999999999999993,-19.5
C,T,3.0999999999999996,7.599999999999994
C,W,-0.09999999999999964,119.30000000000001
C,Y,0.7000000000000002,85.1
C,V,0.40000000000000036,31.5
Q,A,-2.4000000000000004,-55.20000000000002
Q,R,0,29.599999999999994
Q,N,1.0999999999999996,-29.700000000000017
Q,D,2.5,-32.70000000000002
Q,C,-5,-35.30000000000001
Q,Q,0,0
Q,E,1.8000000000000007,-5.400000000000006
Q,G,-1.5,-83.70000000000002
Q,H,-0.09999999999999964,9.399999999999977
Q,I,-5.3,22.899999999999977
Q,L,-5.6,22.899999999999977
Q,K,0.8000000000000007,24.799999999999983
Q,M,-4.8,19.099999999999994
Q,F,-5.3,46.099999999999994
Q,P,-2.5,-31.10000000000001
Q,S,-1.3000000000000007,-54.80000000000001
Q,T,-1.9000000000000004,-27.700000000000017
Q,W,-5.1,84
Q,Y,-4.3,49.79999999999998
Q,V,-4.6,-3.8000000000000114
E,A,-4.200000000000001,-49.80000000000001
E,R,-1.8000000000000007,35
E,N,-0.7000000000000011,-24.30000000000001
E,D,0.6999999999999993,-27.30000000000001
E,C,-6.800000000000001,-29.900000000000006
E,Q,-1.8000000000000007,5.400000000000006
E,E,0,0
E,G,-3.3000000000000007,-78.30000000000001
E,H,-1.9000000000000004,14.799999999999983
E,I,-7.1000000000000005,28.299999999999983
E,L,-7.4,28.299999999999983
E,K,-1,30.19999999999999
E,M,-6.6000000000000005,24.5
E,F,-7.1000000000000005,51.5
E,P,-4.300000000000001,-25.700000000000003
E,S,-3.1000000000000014,-49.400000000000006
E,T,-3.700000000000001,-22.30000000000001
E,W,-6.9,89.4
E,Y,-6.1000000000000005,55.19999999999999
E,V,-6.4,1.5999999999999943
G,A,-0.9000000000000004,28.499999999999993
G,R,1.5,113.30000000000001
G,N,2.5999999999999996,53.99999999999999
G,D,4,50.99999999999999
G,C,-3.5,48.4
G,Q,1.5,83.70000000000002
G,E,3.3000000000000007,78.30000000000001
G,G,0,0
G,H,1.4000000000000004,93.1
G,I,-3.8,106.6
G,L,-4.1,106.6
G,K,2.3000000000000007,108.5
G,M,-3.3,102.80000000000001
G,F,-3.8,129.8
G,P,-1,52.6
G,S,0.1999999999999993,28.9
G,T,-0.40000000000000036,55.99999999999999
G,W,-3.5999999999999996,167.70000000000002
G,Y,-2.8,133.5
G,V,-3.0999999999999996,79.9
H,A,-2.3000000000000007,-64.6
H,R,0.09999999999999964,20.200000000000017
H,N,1.1999999999999993,-39.099999999999994
H,D,2.5999999999999996,-42.099999999999994
H,C,-4.9,-44.69999999999999
H,Q,0.09999999999999964,-9.399999999999977
H,E,1.9000000000000004,-14.799999999999983
H,G,-1.4000000000000004,-93.1
H,H,0,0
H,I,-5.2,13.5
H,L,-5.5,13.5
H,K,0.9000000000000004,15.400000000000006
H,M,-4.7,9.700000000000017
H,F,-5.2,36.70000000000002
H,P,-2.4000000000000004,-40.499999999999986
H,S,-1.200000000000001,-64.19999999999999
H,T,-1.8000000000000007,-37.099999999999994
H,W,-5,74.60000000000002
H,Y,-4.2,40.400000000000006
H,V,-4.5,-13.199999999999989
I,A,2.8999999999999995,-78.1
I,R,5.3,6.700000000000017
I,N,6.3999999999999995,-52.599999999999994
I,D,7.8,-55.599999999999994
I,C,0.2999999999999998,-58.19999999999999
I,Q,5.3,-22.899999999999977
I,E,7.1000000000000005,-28.299999999999983
I,G,3.8,-106.6
I,H,5.2,-13.5
I,I,0,0
I,L,-0.2999999999999998,0
I,K,6.1000000000000005,1.9000000000000057
I,M,0.5,-3.799999999999983
I,F,0,23.200000000000017
I,P,2.8,-53.999999999999986
I,S,3.999999999999999,-77.69999999999999
I,T,3.3999999999999995,-50.599999999999994
I,W,0.20000000000000018,61.10000000000002
I,Y,1,26.900000000000006
I,V,0.7000000000000002,-26.69999999999999
L,A,3.1999999999999993,-78.1
L,R,5.6,6.700000000000017
L,N,6.699999999999999,-52.599999999999994
L,D,8.1,-55.599999999999994
L,C,0.5999999999999996,-58.19999999999999
L,Q,5.6,-22.899999999999977
L,E,7.4,-28.299999999999983
L,G,4.1,-106.6
L,H,5.5,-13.5
L,I,0.2999999999999998,0
L,L,0,0
L,K,6.4,1.9000000000000057
L,M,0.7999999999999998,-3.799999999999983
L,F,0.2999999999999998,23.200000000000017
L,P,3.0999999999999996,-53.999999999999986
L,S,4.299999999999999,-77.69999999999999
L,T,3.6999999999999993,-50.599999999999994
L,W,0.5,61.10000000000002
L,Y,1.2999999999999998,26.900000000000006
L,V,1,-26.69999999999999
K,A,-3.200000000000001,-80
K,R,-0.8000000000000007,4.800000000000011
K,N,0.29999999999999893,-54.5
K,D,1.6999999999999993,-57.5
K,C,-5.800000000000001,-60.099999999999994
K,Q,-0.8000000000000007,-24.799999999999983
K,E,1,-30.19999999999999
K,G,-2.3000000000000007,-108.5
K,H,-0.9000000000000004,-15.400000000000006
K,I,-6.1000000000000005,-1.9000000000000057
K,L,-6.4,-1.9000000000000057
K,K,0,0
K,M,-5.6000000000000005,-5.699999999999989
K,F,-6.1000000000000005,21.30000000000001
K,P,-3.3000000000000007,-55.89999999999999
K,S,-2.1000000000000014,-79.6
K,T,-2.700000000000001,-52.5
K,W,-5.9,59.20000000000002
K,Y,-5.1000000000000005,25
K,V,-5.4,-28.599999999999994
M,A,2.3999999999999995,-74.30000000000001
M,R,4.8,10.5
M,N,5.8999999999999995,-48.80000000000001
M,D,7.3,-51.80000000000001
M,C,-0.20000000000000018,-54.400000000000006
M,Q,4.8,-19.099999999999994
M,E,6.6000000000000005,-24.5
M,G,3.3,-102.80000000000001
M,H,4.7,-9.700000000000017
M,I,-0.5,3.799999999999983
M,L,-0.7999999999999998,3.799999999999983
M,K,5.6000000000000005,5.699999999999989
M,M,0,0
M,F,-0.5,27
M,P,2.3,-50.2
M,S,3.499999999999999,-73.9
M,T,2.8999999999999995,-46.80000000000001
M,W,-0.2999999999999998,64.9
M,Y,0.5,30.69999999999999
M,V,0.20000000000000018,-22.900000000000006
F,A,2.8999999999999995,-101.30000000000001
F,R,5.3,-16.5
F,N,6.3999999999999995,-75.80000000000001
F,D,7.8,-78.80000000000001
F,C,0.2999999999999998,-81.4
F,Q,5.3,-46.099999999999994
F,E,7.1000000000000005,-51.5
F,G,3.8,-129.8
F,H,5.2,-36.70000000000002
F,I,0,-23.200000000000017
F,L,-0.2999999999999998,-23.200000000000017
F,K,6.1000000000000005,-21.30000000000001
F,M,0.5,-27
F,F,0,0
F,P,2.8,-77.2
F,S,3.999999999999999,-100.9
F,T,3.3999999999999995,-73.80000000000001
F,W,0.20000000000000018,37.900000000000006
F,Y,1,3.6999999999999886
F,V,0.7000000000000002,-49.900000000000006
P,A,0.09999999999999964,-24.10000000000001
P,R,2.5,60.7
P,N,3.5999999999999996,1.3999999999999915
P,D,5,-1.6000000000000085
P,C,-2.5,-4.200000000000003
P,Q,2.5,31.10000000000001
P,E,4.300000000000001,25.700000000000003
P,G,1,-52.6
P,H,2.4000000000000004,40.499999999999986
P,I,-2.8,53.999999999999986
P,L,-3.0999999999999996,53.999999999999986
P,K,3.3000000000000007,55.89999999999999
P,M,-2.3,50.2
P,F,-2.8,77.2
P,P,0,0
P,S,1.1999999999999993,-23.700000000000003
P,T,0.5999999999999996,3.3999999999999915
P,W,-2.5999999999999996,115.10000000000001
P,Y,-1.7999999999999998,80.89999999999999
P,V,-2.0999999999999996,27.299999999999997
S,A,-1.0999999999999996,-0.4000000000000057
S,R,1.3000000000000007,84.4
S,N,2.4000000000000004,25.099999999999994
S,D,3.8000000000000007,22.099999999999994
S,C,-3.6999999999999993,19.5
S,Q,1.3000000000000007,54.80000000000001
S,E,3.1000000000000014,49.400000000000006
S,G,-0.1999999999999993,-28.9
S,H,1.200000000000001,64.19999999999999
S,I,-3.999999999999999,77.69999999999999
S,L,-4.299999999999999,77.69999999999999
S,K,2.1000000000000014,79.6
S,M,-3.499999999999999,73.9
S,F,-3.999999999999999,100.9
S,P,-1.1999999999999993,23.700000000000003
S,S,0,0
S,T,-0.5999999999999996,27.099999999999994
S,W,-3.799999999999999,138.8
S,Y,-2.999999999999999,104.6
S,V,-3.299999999999999,51
T,A,-0.5,-27.5
T,R,1.9000000000000004,57.30000000000001
T,N,3,-2
T,D,4.4,-5
T,C,-3.0999999999999996,-7.599999999999994
T,Q,1.9000000000000004,27.700000000000017
T,E,3.700000000000001,22.30000000000001
T,G,0.40000000000000036,-55.99999999999999
T,H,1.8000000000000007,37.099999999999994
T,I,-3.3999999999999995,50.599999999999994
T,L,-3.6999999999999993,50.599999999999994
T,K,2.700000000000001,52.5
T,M,-2.8999999999999995,46.80000000000001
T,F,-3.3999999999999995,73.80000000000001
T,P,-0.5999999999999996,-3.3999999999999915
T,S,0.5999999999999996,-27.099999999999994
T,T,0,0
T,W,-3.1999999999999993,111.70000000000002
T,Y,-2.3999999999999995,77.5
T,V,-2.6999999999999993,23.900000000000006
W,A,2.6999999999999993,-139.20000000000002
W,R,5.1,-54.400000000000006
W,N,6.199999999999999,-113.70000000000002
W,D,7.6,-116.70000000000002
W,C,0.09999999999999964,-119.30000000000001
W,Q,5.1,-84
W,E,6.9,-89.4
W,G,3.5999999999999996,-167.70000000000002
W,H,5,-74.60000000000002
W,I,-0.20000000000000018,-61.10000000000002
W,L,-0.5,-61.10000000000002
W,K,5.9,-59.20000000000002
W,M,0.2999999999999998,-64.9
W,F,-0.20000000000000018,-37.900000000000006
W,P,2.5999999999999996,-115.10000000000001
W,S,3.799999999999999,-138.8
W,T,3.1999999999999993,-111.70000000000002
W,W,0,0
W,Y,0.7999999999999998,-34.20000000000002
W,V,0.5,-87.80000000000001
Y,A,1.8999999999999995,-105
Y,R,4.3,-20.19999999999999
Y,N,5.3999999999999995,-79.5
Y,D,6.8,-82.5
Y,C,-0.7000000000000002,-85.1
Y,Q,4.3,-49.79999999999998
Y,E,6.1000000000000005,-55.19999999999999
Y,G,2.8,-133.5
Y,H,4.2,-40.400000000000006
Y,I,-1,-26.900000000000006
Y,L,-1.2999999999999998,-26.900000000000006
Y,K,5.1000000000000005,-25
Y,M,-0.5,-30.69999999999999
Y,F,-1,-3.6999999999999886
Y,P,1.7999999999999998,-80.89999999999999
Y,S,2.999999999999999,-104.6
Y,T,2.3999999999999995,-77.5
Y,W,-0.7999999999999998,34.20000000000002
Y,Y,0,0
Y,V,-0.2999999999999998,-53.599999999999994
V,A,2.1999999999999993,-51.400000000000006
V,R,4.6,33.400000000000006
V,N,5.699999999999999,-25.900000000000006
V,D,7.1,-28.900000000000006
V,C,-0.40000000000000036,-31.5
V,Q,4.6,3.8000000000000114
V,E,6.4,-1.5999999999999943
V,G,3.0999999999999996,-79.9
V,H,4.5,13.199999999999989
V,I,-0.7000000000000002,26.69999999999999
V,L,-1,26.69999999999999
V,K,5.4,28.599999999999994
V,M,-0.20000000000000018,22.900000000000006
V,F,-0.7000000000000002,49.900000000000006
V,P,2.0999999999999996,-27.299999999999997
V,S,3.299999999999999,-51
V,T,2.6999999999999993,-23.900000000000006
V,W,-0.5,87.80000000000001
V,Y,0.2999999999999998,53.599999999999994
V,V,0,0
