model,Direction,Mut_index,PDB,Gene,Chain,Number,Wild,RSA,Mutated,Hdiff,Vdiff,Experimental,dataset,SimBa_SYM_predict,Residuals,R
SimBa-SYM,direct,0,1AMQ,NA,A,191,C,0.06095149419861321,Y,0.7,0.851,-2.3,Ssym,1.035775795791232,-3.335775795791232,0.44176784057082746
SimBa-SYM,direct,1,1AMQ,NA,A,191,C,0.06095149419861321,F,-0.3,0.8140000000000001,-1.6,Ssym,1.3558720459287403,-2.95587204592874,0.44176784057082746
SimBa-SYM,direct,2,1AMQ,NA,A,191,C,0.06095149419861321,W,-0.1,1.193,-3.9,Ssym,1.8592479265542388,-5.759247926554239,0.44176784057082746
SimBa-SYM,direct,3,1AMQ,NA,A,191,C,0.06095149419861321,S,3.7,-0.195,-1.9,Ssym,-1.691133423312147,-0.2088665766878528,0.44176784057082746
SimBa-SYM,direct,4,1BNI,NA,A,7,F,0.14906549947700562,L,-0.3,-0.23199999999999998,-4.1,Ssym,-0.22216713936894,-3.8778328606310595,0.44176784057082746
SimBa-SYM,direct,5,1BNI,NA,A,14,L,1.9916440449061092e-4,A,3.2,-0.7809999999999999,-4.5,Ssym,-2.6302971828742145,-1.8697028171257855,0.44176784057082746
SimBa-SYM,direct,6,1BNI,NA,A,26,T,0.26481258948438097,A,-0.5,-0.275,-1.7,Ssym,-0.20091382655397094,-1.499086173446029,0.44176784057082746
SimBa-SYM,direct,7,1BNI,NA,A,51,I,0.004601952433853419,V,0.7,-0.267,-1.1,Ssym,-0.7287311558668728,-0.37126884413312733,0.44176784057082746
SimBa-SYM,direct,8,1BNI,NA,A,76,I,0,A,2.9,-0.7809999999999999,-1.7,Ssym,-2.504614854320846,0.8046148543208462,0.44176784057082746
SimBa-SYM,direct,9,1BNI,NA,A,76,I,0,V,0.7,-0.267,-1,Ssym,-0.7334217952820262,-0.2665782047179738,0.44176784057082746
SimBa-SYM,direct,10,1BNI,NA,A,78,Y,0.046212242879179875,F,-1,-0.037000000000000005,-1.1,Ssym,0.3299232997123186,-1.4299232997123186,0.44176784057082746
SimBa-SYM,direct,11,1BNI,NA,A,88,I,0,A,2.9,-0.7809999999999999,-4,Ssym,-2.504614854320846,-1.4953851456791538,0.44176784057082746
SimBa-SYM,direct,12,1BNI,NA,A,88,I,0,V,0.7,-0.267,-1.6,Ssym,-0.7334217952820262,-0.8665782047179739,0.44176784057082746
SimBa-SYM,direct,13,1BNI,NA,A,89,L,0,V,1,-0.267,-0.5,Ssym,-0.859866976286073,0.359866976286073,0.44176784057082746
SimBa-SYM,direct,14,1BNI,NA,A,91,S,0.01794577044992385,A,-1.1,-0.004,-2.4,Ssym,0.4426608976912795,-2.8426608976912795,0.44176784057082746
SimBa-SYM,direct,15,1BNI,NA,A,96,I,0,A,2.9,-0.7809999999999999,-3.2,Ssym,-2.504614854320846,-0.695385145679154,0.44176784057082746
SimBa-SYM,direct,16,1BNI,NA,A,96,I,0,V,0.7,-0.267,-3.1,Ssym,-0.7334217952820262,-2.3665782047179738,0.44176784057082746
SimBa-SYM,direct,17,1CEY,NA,A,12,D,0.08837753117262714,A,-4.9,-0.225,2.5,Ssym,1.414407473079959,1.085592526920041,0.44176784057082746
SimBa-SYM,direct,18,1CEY,NA,A,13,D,0.40924735223687325,A,-4.9,-0.225,2.7,Ssym,0.39259150514874414,2.307408494851256,0.44176784057082746
SimBa-SYM,direct,19,1CEY,NA,A,57,D,0.09278324976086152,A,-4.9,-0.225,3.3,Ssym,1.4003773795400374,1.8996226204599624,0.44176784057082746
SimBa-SYM,direct,20,1EY0,NA,A,22,T,0.06907575506456816,C,-3.1,-0.076,-0.9,Ssym,1.0340045243606917,-1.9340045243606916,0.44176784057082746
SimBa-SYM,direct,21,1EY0,NA,A,22,T,0.06907575506456816,V,-2.7,0.239,-0.9,Ssym,1.3619062831036686,-2.2619062831036687,0.44176784057082746
SimBa-SYM,direct,22,1EY0,NA,A,23,V,0.004568727578502144,L,-1,0.267,-0.1,Ssym,0.854200703399758,-0.9542007033997579,0.44176784057082746
SimBa-SYM,direct,23,1EY0,NA,A,25,L,0,I,0.3,0,-1.7,Ssym,-0.12644518100404675,-1.5735548189959532,0.44176784057082746
SimBa-SYM,direct,24,1EY0,NA,A,33,T,0.24944213336210033,V,-2.7,0.239,0.4,Ssym,0.9219016472070616,-0.5219016472070616,0.44176784057082746
SimBa-SYM,direct,25,1EY0,NA,A,41,T,0.07422115781277387,C,-3.1,-0.076,0.6,Ssym,1.0229940793489414,-0.4229940793489414,0.44176784057082746
SimBa-SYM,direct,26,1EY0,NA,A,41,T,0.07422115781277387,I,-3.4,0.506,0.7,Ssym,2.0071243257673475,-1.3071243257673475,0.44176784057082746
SimBa-SYM,direct,27,1EY0,NA,A,41,T,0.07422115781277387,S,0.6,-0.271,-1.1,Ssym,-0.6270959349263074,-0.47290406507369265,0.44176784057082746
SimBa-SYM,direct,28,1EY0,NA,A,41,T,0.07422115781277387,V,-2.7,0.239,0.8,Ssym,1.3493540486787419,-0.5493540486787418,0.44176784057082746
SimBa-SYM,direct,29,1EY0,NA,A,44,T,0.26855243585340965,V,-2.7,0.239,0.1,Ssym,0.8752819735797975,-0.7752819735797976,0.44176784057082746
SimBa-SYM,direct,30,1EY0,NA,A,59,S,0.19380719326043447,A,-1.1,-0.004,0.5,Ssym,0.301508433015122,0.19849156698487802,0.44176784057082746
SimBa-SYM,direct,31,1EY0,NA,A,62,T,7.030385686884468e-4,S,0.6,-0.271,-2.1,Ssym,-0.6971708260971008,-1.4028291739028993,0.44176784057082746
SimBa-SYM,direct,32,1EY0,NA,A,62,T,7.030385686884468e-4,V,-2.7,0.239,-0.2,Ssym,1.5287018495002198,-1.7287018495002198,0.44176784057082746
SimBa-SYM,direct,33,1EY0,NA,A,66,V,0.018194373924011843,I,-0.7,0.267,-1,Ssym,0.714876786682155,-1.714876786682155,0.44176784057082746
SimBa-SYM,direct,34,1EY0,NA,A,66,V,0.018194373924011843,L,-1,0.267,-0.3,Ssym,0.8373017683856918,-1.1373017683856919,0.44176784057082746
SimBa-SYM,direct,35,1EY0,NA,A,66,V,0.018194373924011843,K,5.4,0.28600000000000003,-7.5,Ssym,-1.7438875363280701,-5.75611246367193,0.44176784057082746
SimBa-SYM,direct,36,1EY0,NA,A,72,I,0.08663664277413605,L,-0.3,0,-0.2,Ssym,0.10730208918160947,-0.3073020891816095,0.44176784057082746
SimBa-SYM,direct,37,1EY0,NA,A,72,I,0.08663664277413605,V,0.7,-0.267,-1.2,Ssym,-0.6451155258813563,-0.5548844741186436,0.44176784057082746
SimBa-SYM,direct,38,1EY0,NA,A,82,T,0.527505309883681,S,0.6,-0.271,-0.7,Ssym,-0.19504138902101809,-0.5049586109789819,0.44176784057082746
SimBa-SYM,direct,39,1EY0,NA,A,92,I,0.002749709107243514,V,0.7,-0.267,-0.4,Ssym,-0.7306190948838731,0.3306190948838731,0.44176784057082746
SimBa-SYM,direct,40,1EY0,NA,A,116,K,0.8111632014996514,G,-2.3,-1.085,1,Ssym,-0.5258000831751388,1.5258000831751388,0.44176784057082746
SimBa-SYM,direct,41,1EY0,NA,A,117,P,0.4154559097308634,A,0.1,-0.24100000000000002,0.8,Ssym,-0.21835492653471783,1.0183549265347178,0.44176784057082746
SimBa-SYM,direct,42,1EY0,NA,A,117,P,0.4154559097308634,G,1,-0.526,0.9,Ssym,-0.5668582174034547,1.4668582174034546,0.44176784057082746
SimBa-SYM,direct,43,1EY0,NA,A,117,P,0.4154559097308634,T,0.6,0.034,1.1,Ssym,-0.04011748332894875,1.140117483328949,0.44176784057082746
SimBa-SYM,direct,44,1EY0,NA,A,120,T,0.4123267401981841,C,-3.1,-0.076,-1.7,Ssym,0.2994952386958095,-1.9994952386958094,0.44176784057082746
SimBa-SYM,direct,45,1EY0,NA,A,120,T,0.4123267401981841,S,0.6,-0.271,-0.6,Ssym,-0.304825559493635,-0.295174440506365,0.44176784057082746
SimBa-SYM,direct,46,1EY0,NA,A,120,T,0.4123267401981841,V,-2.7,0.239,-1.8,Ssym,0.5245438757611751,-2.324543875761175,0.44176784057082746
SimBa-SYM,direct,47,1EY0,NA,A,128,S,0.06870361738145722,A,-1.1,-0.004,0.7,Ssym,0.4019208929674415,0.29807910703255847,0.44176784057082746
SimBa-SYM,direct,48,1IHB,p18-ink4c(ink6),A,71,F,0.22105949694732355,N,6.4,-0.758,0.7,Ssym,-2.583907857372367,3.283907857372367,0.44176784057082746
SimBa-SYM,direct,49,1IHB,p18-ink4c(ink6),A,82,F,0.38215842982956094,Q,5.3,-0.461,-0.4,Ssym,-1.1666220084751857,0.7666220084751857,0.44176784057082746
SimBa-SYM,direct,50,1IHB,p18-ink4c(ink6),A,92,F,0.29743323082178813,N,6.4,-0.758,-1.1,Ssym,-2.1146856388394157,1.0146856388394156,0.44176784057082746
SimBa-SYM,direct,51,1IOB,NA,A,9,T,0.03676710872123817,G,0.4,-0.56,-2.6,Ssym,-1.0383738882556175,-1.5616261117443826,0.44176784057082746
SimBa-SYM,direct,52,1L63,NA,A,6,M,0,A,2.4,-0.743,-1.9,Ssym,-2.23148129232899,0.33148129232899004,0.44176784057082746
SimBa-SYM,direct,53,1L63,NA,A,6,M,0,L,-0.8,0.038,-2.8,Ssym,0.3995787429959032,-3.199578742995903,0.44176784057082746
SimBa-SYM,direct,54,1L63,NA,A,11,E,0.24345520849409094,H,-1.9,0.14800000000000002,0.1,Ssym,0.6351522925626081,-0.5351522925626081,0.44176784057082746
SimBa-SYM,direct,55,1L63,NA,A,11,E,0.24345520849409094,N,-0.7,-0.243,-0.1,Ssym,-0.11785108955273042,0.017851089552730418,0.44176784057082746
SimBa-SYM,direct,56,1L63,NA,A,17,I,0.10513430300242065,A,2.9,-0.7809999999999999,-2.7,Ssym,-2.1251529164660563,-0.5748470835339439,0.44176784057082746
SimBa-SYM,direct,57,1L63,NA,A,20,D,0.32703570174100693,A,-4.9,-0.225,-0.3,Ssym,0.6543960492720646,-0.9543960492720647,0.44176784057082746
SimBa-SYM,direct,58,1L63,NA,A,20,D,0.32703570174100693,N,-1.4,0.03,1.3,Ssym,0.2836059121316337,1.0163940878683664,0.44176784057082746
SimBa-SYM,direct,59,1L63,NA,A,20,D,0.32703570174100693,S,-3.8,-0.221,0.7,Ssym,0.4598214283268245,0.24017857167317547,0.44176784057082746
SimBa-SYM,direct,60,1L63,NA,A,27,I,0,A,2.9,-0.7809999999999999,-3.1,Ssym,-2.504614854320846,-0.5953851456791539,0.44176784057082746
SimBa-SYM,direct,61,1L63,NA,A,27,I,0,M,0.5,-0.038,-3.1,Ssym,-0.2731335619918564,-2.826866438008144,0.44176784057082746
SimBa-SYM,direct,62,1L63,NA,A,29,I,0.03176670160836519,A,2.9,-0.7809999999999999,-2.6,Ssym,-2.389959087294098,-0.2100409127059022,0.44176784057082746
SimBa-SYM,direct,63,1L63,NA,A,38,S,0.41674560558083146,N,2.4,0.251,0,Ssym,-0.0601175035243772,0.0601175035243772,0.44176784057082746
SimBa-SYM,direct,64,1L63,NA,A,41,A,0.3628209129956614,S,1.1,0.004,-0.6,Ssym,-0.1658521718325998,-0.43414782816740016,0.44176784057082746
SimBa-SYM,direct,65,1L63,NA,A,42,A,0,V,-2.2,0.514,-2.7,Ssym,1.77119305903882,-4.4711930590388205,0.44176784057082746
SimBa-SYM,direct,66,1L63,NA,A,42,A,0,S,1.1,0.004,-2.3,Ssym,-0.4570647941743,-1.8429352058256998,0.44176784057082746
SimBa-SYM,direct,67,1L63,NA,A,43,K,0.25398665857211605,A,-3.2,-0.8,-1,Ssym,-0.18005542960851229,-0.8199445703914877,0.44176784057082746
SimBa-SYM,direct,68,1L63,NA,A,44,S,0.5897868045050895,A,-1.1,-0.004,0.3,Ssym,-0.016318508194801858,0.31631850819480184,0.44176784057082746
SimBa-SYM,direct,69,1L63,NA,A,44,S,0.5897868045050895,I,-4,0.777,0.3,Ssym,0.35957491679833475,-0.059574916798334765,0.44176784057082746
SimBa-SYM,direct,70,1L63,NA,A,44,S,0.5897868045050895,L,-4.3,0.777,0.4,Ssym,0.3557017637490064,0.044298236250993606,0.44176784057082746
SimBa-SYM,direct,71,1L63,NA,A,44,S,0.5897868045050895,K,2.1,0.7959999999999999,0.2,Ssym,0.448384527117518,-0.24838452711751796,0.44176784057082746
SimBa-SYM,direct,72,1L63,NA,A,44,S,0.5897868045050895,E,3.1,0.494,0,Ssym,0.3014655377301749,-0.3014655377301749,0.44176784057082746
SimBa-SYM,direct,73,1L63,NA,A,44,S,0.5897868045050895,G,-0.2,-0.289,-0.5,Ssym,-0.15553152378938212,-0.3444684762106179,0.44176784057082746
SimBa-SYM,direct,74,1L63,NA,A,44,S,0.5897868045050895,R,1.3,0.8440000000000001,0.2,Ssym,0.46345948315314434,-0.2634594831531443,0.44176784057082746
SimBa-SYM,direct,75,1L63,NA,A,44,S,0.5897868045050895,N,2.4,0.251,-0.1,Ssym,0.16382364951878226,-0.26382364951878223,0.44176784057082746
SimBa-SYM,direct,76,1L63,NA,A,44,S,0.5897868045050895,F,-4,1.0090000000000001,0.1,Ssym,0.4823578436063176,-0.38235784360631764,0.44176784057082746
SimBa-SYM,direct,77,1L63,NA,A,44,S,0.5897868045050895,P,-1.2,0.237,-3,Ssym,0.10993649837808284,-3.109936498378083,0.44176784057082746
SimBa-SYM,direct,78,1L63,NA,A,44,S,0.5897868045050895,T,-0.6,0.271,0,Ssym,0.13567685409515118,-0.13567685409515118,0.44176784057082746
SimBa-SYM,direct,79,1L63,NA,A,44,S,0.5897868045050895,V,-3.3,0.51,0.1,Ssym,0.22730606073355686,-0.12730606073355685,0.44176784057082746
SimBa-SYM,direct,80,1L63,NA,A,46,L,0,A,3.2,-0.7809999999999999,-1.9,Ssym,-2.631060035324893,0.731060035324893,0.44176784057082746
SimBa-SYM,direct,81,1L63,NA,A,47,D,0.24028587714491384,A,-4.9,-0.225,-1,Ssym,0.9306524939994469,-1.930652493999447,0.44176784057082746
SimBa-SYM,direct,82,1L63,NA,A,49,A,0.423938888630834,S,1.1,0.004,-0.5,Ssym,-0.11679676923746998,-0.38320323076253004,0.44176784057082746
SimBa-SYM,direct,83,1L63,NA,A,50,I,0.21404789582637235,A,2.9,-0.7809999999999999,-2,Ssym,-1.7320503627662167,-0.2679496372337833,0.44176784057082746
SimBa-SYM,direct,84,1L63,NA,A,50,I,0.21404789582637235,M,0.5,-0.038,-0.4,Ssym,-0.17896278527234102,-0.221037214727659,0.44176784057082746
SimBa-SYM,direct,85,1L63,NA,A,58,I,0.021121014985246957,A,2.9,-0.7809999999999999,-3.2,Ssym,-2.4283826347038353,-0.7716173652961649,0.44176784057082746
SimBa-SYM,direct,86,1L63,NA,A,58,I,0.021121014985246957,T,3.4,-0.506,-3.4,Ssym,-2.190785843694305,-1.2092141563056948,0.44176784057082746
SimBa-SYM,direct,87,1L63,NA,A,59,T,0.512794617262514,A,-0.5,-0.275,-1.5,Ssym,-0.1635850189031538,-1.3364149810968462,0.44176784057082746
SimBa-SYM,direct,88,1L63,NA,A,59,T,0.512794617262514,D,4.4,-0.05,-1.2,Ssym,-0.2264283149873253,-0.9735716850126747,0.44176784057082746
SimBa-SYM,direct,89,1L63,NA,A,59,T,0.512794617262514,G,0.4,-0.56,-1.6,Ssym,-0.3952298210885544,-1.2047701789114456,0.44176784057082746
SimBa-SYM,direct,90,1L63,NA,A,59,T,0.512794617262514,N,3,-0.02,-1.1,Ssym,-0.14487884359710193,-0.9551211564028982,0.44176784057082746
SimBa-SYM,direct,91,1L63,NA,A,59,T,0.512794617262514,S,0.6,-0.271,-0.2,Ssym,-0.2090631049609047,0.009063104960904678,0.44176784057082746
SimBa-SYM,direct,92,1L63,NA,A,59,T,0.512794617262514,V,-2.7,0.239,-1.5,Ssym,0.27945201283053056,-1.7794520128305304,0.44176784057082746
SimBa-SYM,direct,93,1L63,NA,A,66,L,0.027799092919778636,M,0.8,-0.038,-1,Ssym,-0.3812060370692682,-0.6187939629307317,0.44176784057082746
SimBa-SYM,direct,94,1L63,NA,A,67,F,0.06505766814757885,A,2.9,-1.013,-1.9,Ssym,-2.6222448486686303,0.7222448486686304,0.44176784057082746
SimBa-SYM,direct,95,1L63,NA,A,72,D,0.536563754926223,P,-5,0.016,-2.7,Ssym,0.14152305199950338,-2.8415230519995034,0.44176784057082746
SimBa-SYM,direct,96,1L63,NA,A,73,A,0.4476297550523255,S,1.1,0.004,-0.4,Ssym,-0.09778165988452052,-0.3022183401154795,0.44176784057082746
SimBa-SYM,direct,97,1L63,NA,A,75,V,0.24070321374355788,T,2.7,-0.239,-1.3,Ssym,-0.9432202830924232,-0.3567797169075768,0.44176784057082746
SimBa-SYM,direct,98,1L63,NA,A,78,I,0,A,2.9,-0.7809999999999999,-1.2,Ssym,-2.504614854320846,1.3046148543208462,0.44176784057082746
SimBa-SYM,direct,99,1L63,NA,A,78,I,0,M,0.5,-0.038,-1.5,Ssym,-0.2731335619918564,-1.2268664380081435,0.44176784057082746
SimBa-SYM,direct,100,1L63,NA,A,78,I,0,V,0.7,-0.267,-0.8,Ssym,-0.7334217952820262,-0.06657820471797382,0.44176784057082746
SimBa-SYM,direct,101,1L63,NA,A,82,A,0.828411378412354,S,1.1,0.004,-0.3,Ssym,0.20784685023261687,-0.5078468502326169,0.44176784057082746
SimBa-SYM,direct,102,1L63,NA,A,84,L,0,A,3.2,-0.7809999999999999,-2.6,Ssym,-2.631060035324893,0.031060035324892876,0.44176784057082746
SimBa-SYM,direct,103,1L63,NA,A,84,L,0,M,0.8,-0.038,-1.9,Ssym,-0.3995787429959032,-1.5004212570040967,0.44176784057082746
SimBa-SYM,direct,104,1L63,NA,A,87,V,0.024493805945421734,A,2.2,-0.514,-1.7,Ssym,-1.707753243364233,0.007753243364233109,0.44176784057082746
SimBa-SYM,direct,105,1L63,NA,A,87,V,0.024493805945421734,M,-0.2,0.22899999999999998,-2.3,Ssym,0.44609848880667097,-2.7460984888066706,0.44176784057082746
SimBa-SYM,direct,106,1L63,NA,A,87,V,0.024493805945421734,I,-0.7,0.267,-0.3,Ssym,0.7084559545337527,-1.0084559545337526,0.44176784057082746
SimBa-SYM,direct,107,1L63,NA,A,87,V,0.024493805945421734,T,2.7,-0.239,-1.6,Ssym,-1.4706641595709344,-0.12933584042906565,0.44176784057082746
SimBa-SYM,direct,108,1L63,NA,A,91,L,0.03552486166294716,A,3.2,-0.7809999999999999,-3.9,Ssym,-2.494990400548048,-1.4050095994519518,0.44176784057082746
SimBa-SYM,direct,109,1L63,NA,A,91,L,0.03552486166294716,M,0.8,-0.038,-0.8,Ssym,-0.37609999718569936,-0.4239000028143007,0.44176784057082746
SimBa-SYM,direct,110,1L63,NA,A,92,D,0.41418506773102726,N,-1.4,0.03,-1.4,Ssym,0.18881051210801936,-1.5888105121080192,0.44176784057082746
SimBa-SYM,direct,111,1L63,NA,A,93,A,0.7800913992758594,S,1.1,0.004,-0.2,Ssym,0.16906356257796312,-0.36906356257796313,0.44176784057082746
SimBa-SYM,direct,112,1L63,NA,A,98,A,0,C,-2.6,0.19899999999999998,-1,Ssym,1.4225931600185082,-2.422593160018508,0.44176784057082746
SimBa-SYM,direct,113,1L63,NA,A,98,A,0,L,-3.2,0.7809999999999999,-4.3,Ssym,2.631060035324893,-6.931060035324893,0.44176784057082746
SimBa-SYM,direct,114,1L63,NA,A,98,A,0,S,1.1,0.004,-2.5,Ssym,-0.4570647941743,-2.0429352058257,0.44176784057082746
SimBa-SYM,direct,115,1L63,NA,A,98,A,0,V,-2.2,0.514,-3.2,Ssym,1.77119305903882,-4.9711930590388205,0.44176784057082746
SimBa-SYM,direct,116,1L63,NA,A,99,L,6.372766538705798e-4,A,3.2,-0.7809999999999999,-4.5,Ssym,-2.6286190968529377,-1.8713809031470623,0.44176784057082746
SimBa-SYM,direct,117,1L63,NA,A,99,L,6.372766538705798e-4,F,0.3,0.23199999999999998,-0.3,Ssym,0.2543338094652774,-0.5543338094652774,0.44176784057082746
SimBa-SYM,direct,118,1L63,NA,A,99,L,6.372766538705798e-4,I,0.3,0,-1.5,Ssym,-0.12630436939003784,-1.3736956306099621,0.44176784057082746
SimBa-SYM,direct,119,1L63,NA,A,99,L,6.372766538705798e-4,M,0.8,-0.038,-0.6,Ssym,-0.3991575603123796,-0.2008424396876204,0.44176784057082746
SimBa-SYM,direct,120,1L63,NA,A,99,L,6.372766538705798e-4,V,1,-0.267,-2,Ssym,-0.8590766066781542,-1.1409233933218457,0.44176784057082746
SimBa-SYM,direct,121,1L63,NA,A,100,I,0.055765022502025,A,2.9,-0.7809999999999999,-3.4,Ssym,-2.3033417883582823,-1.0966582116417176,0.44176784057082746
SimBa-SYM,direct,122,1L63,NA,A,100,I,0.055765022502025,M,0.5,-0.038,-1.6,Ssym,-0.2485996348419408,-1.3514003651580593,0.44176784057082746
SimBa-SYM,direct,123,1L63,NA,A,100,I,0.055765022502025,V,0.7,-0.267,-0.4,Ssym,-0.6765820916356571,0.27658209163565706,0.44176784057082746
SimBa-SYM,direct,124,1L63,NA,A,101,N,0.00413038553961243,A,-3.5,-0.255,-1.5,Ssym,1.0478528211936604,-2.5478528211936604,0.44176784057082746
SimBa-SYM,direct,125,1L63,NA,A,102,M,0.013180330182095659,L,-0.8,0.038,-1,Ssym,0.390867727454842,-1.390867727454842,0.44176784057082746
SimBa-SYM,direct,126,1L63,NA,A,103,V,0.05789603571775444,A,2.2,-0.514,-2.2,Ssym,-1.6212402978220535,-0.5787597021779467,0.44176784057082746
SimBa-SYM,direct,127,1L63,NA,A,103,V,0.05789603571775444,I,-0.7,0.267,-0.5,Ssym,0.6744100103880586,-1.1744100103880586,0.44176784057082746
SimBa-SYM,direct,128,1L63,NA,A,103,V,0.05789603571775444,M,-0.2,0.22899999999999998,-1.2,Ssym,0.42674791884197705,-1.6267479188419771,0.44176784057082746
SimBa-SYM,direct,129,1L63,NA,A,104,F,0.1661156493166367,M,0.5,-0.27,-0.4,Ssym,-0.5082633154942957,0.10826331549429569,0.44176784057082746
SimBa-SYM,direct,130,1L63,NA,A,105,Q,0.3371938276535632,M,-4.8,0.191,-1.2,Ssym,1.0231301763236396,-2.2231301763236395,0.44176784057082746
SimBa-SYM,direct,131,1L63,NA,A,106,M,0.2734854028414356,I,-0.5,0.038,0.2,Ssym,0.15281314161305254,0.04718685838694747,0.44176784057082746
SimBa-SYM,direct,132,1L63,NA,A,106,M,0.2734854028414356,L,-0.8,0.038,0.5,Ssym,0.21882943235713664,0.28117056764286336,0.44176784057082746
SimBa-SYM,direct,133,1L63,NA,A,106,M,0.2734854028414356,K,5.6,0.057,-3.4,Ssym,-1.168125108330201,-2.231874891669799,0.44176784057082746
SimBa-SYM,direct,134,1L63,NA,A,109,T,0.851313389351342,D,4.4,-0.05,0.6,Ssym,0.9025483991810775,-0.30254839918107757,0.44176784057082746
SimBa-SYM,direct,135,1L63,NA,A,109,T,0.851313389351342,N,3,-0.02,0.1,Ssym,0.615879214576283,-0.515879214576283,0.44176784057082746
SimBa-SYM,direct,136,1L63,NA,A,111,V,0.002120252642700086,A,2.2,-0.514,-1.3,Ssym,-1.7657015303994503,0.4657015303994503,0.44176784057082746
SimBa-SYM,direct,137,1L63,NA,A,111,V,0.002120252642700086,I,-0.7,0.267,-0.9,Ssym,0.731260681980904,-1.631260681980904,0.44176784057082746
SimBa-SYM,direct,138,1L63,NA,A,111,V,0.002120252642700086,M,-0.2,0.22899999999999998,-0.7,Ssym,0.459059929150445,-1.159059929150445,0.44176784057082746
SimBa-SYM,direct,139,1L63,NA,A,117,S,0.009833189728756315,F,-4,1.0090000000000001,1.1,Ssym,3.294909562689388,-2.194909562689388,0.44176784057082746
SimBa-SYM,direct,140,1L63,NA,A,118,L,0.06988492538932754,A,3.2,-0.7809999999999999,-3.2,Ssym,-2.3633822505567377,-0.8366177494432625,0.44176784057082746
SimBa-SYM,direct,141,1L63,NA,A,118,L,0.06988492538932754,M,0.8,-0.038,-0.7,Ssym,-0.3533910782908648,-0.34660892170913515,0.44176784057082746
SimBa-SYM,direct,142,1L63,NA,A,120,M,0.15049849606936544,L,-0.8,0.038,0.5,Ssym,0.3001127417611657,0.1998872582388343,0.44176784057082746
SimBa-SYM,direct,143,1L63,NA,A,120,M,0.15049849606936544,K,5.6,0.057,-1.6,Ssym,-1.6621665183654561,0.06216651836545606,0.44176784057082746
SimBa-SYM,direct,144,1L63,NA,A,120,M,0.15049849606936544,Y,0.5,0.307,-0.1,Ssym,0.26157643860720947,-0.36157643860720945,0.44176784057082746
SimBa-SYM,direct,145,1L63,NA,A,121,L,0.005458188177615025,M,0.8,-0.038,-0.8,Ssym,-0.39597137038957586,-0.4040286296104242,0.44176784057082746
SimBa-SYM,direct,146,1L63,NA,A,129,A,0.0025690385302478995,F,-2.9,1.013,-1.2,Ssym,2.875135103989568,-4.075135103989568,0.44176784057082746
SimBa-SYM,direct,147,1L63,NA,A,129,A,0.0025690385302478995,W,-2.7,1.392,-2.2,Ssym,3.4116539587774266,-5.611653958777427,0.44176784057082746
SimBa-SYM,direct,148,1L63,NA,A,130,A,0.09514382483201476,S,1.1,0.004,1,Ssym,-0.3806990673472973,1.3806990673472974,0.44176784057082746
SimBa-SYM,direct,149,1L63,NA,A,133,L,0.00938606656559131,F,0.3,0.23199999999999998,-0.3,Ssym,0.2524378126428414,-0.5524378126428413,0.44176784057082746
SimBa-SYM,direct,150,1L63,NA,A,133,L,0.00938606656559131,M,0.8,-0.038,-0.4,Ssym,-0.3933753952350582,-0.0066246047649418105,0.44176784057082746
SimBa-SYM,direct,151,1L63,NA,A,134,A,0.2726567261326227,S,1.1,0.004,-0.1,Ssym,-0.2382210688757715,0.13822106887577149,0.44176784057082746
SimBa-SYM,direct,152,1L63,NA,A,144,N,0.7194402293203057,E,0.7,0.243,0.5,Ssym,0.14505081322856744,0.35494918677143256,0.44176784057082746
SimBa-SYM,direct,153,1L63,NA,A,149,V,5.761660713799358e-4,A,2.2,-0.514,-3.2,Ssym,-1.7697007687247814,-1.4302992312752187,0.44176784057082746
SimBa-SYM,direct,154,1L63,NA,A,149,V,5.761660713799358e-4,C,-0.4,-0.315,-2,Ssym,-0.3484272542745929,-1.651572745725407,0.44176784057082746
SimBa-SYM,direct,155,1L63,NA,A,149,V,5.761660713799358e-4,G,3.1,-0.799,-4.9,Ssym,-2.6162815568071807,-2.2837184431928197,0.44176784057082746
SimBa-SYM,direct,156,1L63,NA,A,149,V,5.761660713799358e-4,I,-0.7,0.267,-0.1,Ssym,0.7328345255692391,-0.8328345255692391,0.44176784057082746
SimBa-SYM,direct,157,1L63,NA,A,149,V,5.761660713799358e-4,M,-0.2,0.22899999999999998,-2.8,Ssym,0.45995444893051746,-3.2599544489305172,0.44176784057082746
SimBa-SYM,direct,158,1L63,NA,A,149,V,5.761660713799358e-4,T,2.7,-0.239,-2.8,Ssym,-1.5290113555595555,-1.2709886444404443,0.44176784057082746
SimBa-SYM,direct,159,1L63,NA,A,149,V,5.761660713799358e-4,S,3.3,-0.51,-4.4,Ssym,-2.226303112068545,-2.1736968879314555,0.44176784057082746
SimBa-SYM,direct,160,1L63,NA,A,152,T,0.0012871078529646603,A,-0.5,-0.275,-1.5,Ssym,-0.2405823948895328,-1.259417605110467,0.44176784057082746
SimBa-SYM,direct,161,1L63,NA,A,152,T,0.0012871078529646603,C,-3.1,-0.076,-0.5,Ssym,1.1790627849224244,-1.6790627849224244,0.44176784057082746
SimBa-SYM,direct,162,1L63,NA,A,152,T,0.0012871078529646603,I,-3.4,0.506,-0.4,Ssym,2.259386892511991,-2.659386892511991,0.44176784057082746
SimBa-SYM,direct,163,1L63,NA,A,152,T,0.0012871078529646603,S,0.6,-0.271,-2,Ssym,-0.6966141117530359,-1.303385888246964,0.44176784057082746
SimBa-SYM,direct,164,1L63,NA,A,152,T,0.0012871078529646603,V,-2.7,0.239,0.2,Ssym,1.5272770097091672,-1.3272770097091673,0.44176784057082746
SimBa-SYM,direct,165,1L63,NA,A,153,F,0.0018604203960449113,A,2.9,-1.013,-3.8,Ssym,-2.878002867644829,-0.921997132355171,0.44176784057082746
SimBa-SYM,direct,166,1L63,NA,A,153,F,0.0018604203960449113,I,0,-0.23199999999999998,-0.2,Ssym,-0.3801028410114935,0.1801028410114935,0.44176784057082746
SimBa-SYM,direct,167,1L63,NA,A,153,F,0.0018604203960449113,L,-0.3,-0.23199999999999998,0.3,Ssym,-0.2540687354753947,0.5540687354753947,0.44176784057082746
SimBa-SYM,direct,168,1L63,NA,A,153,F,0.0018604203960449113,M,0.5,-0.27,-0.6,Ssym,-0.6524179075304373,0.05241790753043729,0.44176784057082746
SimBa-SYM,direct,169,1L63,NA,A,153,F,0.0018604203960449113,V,0.7,-0.499,-1.8,Ssym,-1.1116283626218821,-0.6883716373781179,0.44176784057082746
SimBa-SYM,direct,170,1LZ1,NA,A,2,V,0.6806839030176081,A,2.2,-0.514,-1.5,Ssym,-0.008197898698418582,-1.4918021013015814,0.44176784057082746
SimBa-SYM,direct,171,1LZ1,NA,A,2,V,0.6806839030176081,G,3.1,-0.799,-1.3,Ssym,-0.03828580027379558,-1.2617141997262045,0.44176784057082746
SimBa-SYM,direct,172,1LZ1,NA,A,2,V,0.6806839030176081,S,3.3,-0.51,-1.4,Ssym,0.08107776679618572,-1.4810777667961856,0.44176784057082746
SimBa-SYM,direct,173,1LZ1,NA,A,2,V,0.6806839030176081,Y,0.3,0.536,-0.4,Ssym,0.21571545796700597,-0.615715457967006,0.44176784057082746
SimBa-SYM,direct,174,1LZ1,NA,A,2,V,0.6806839030176081,D,7.1,-0.289,-1.4,Ssym,0.46360538699978576,-1.8636053869997857,0.44176784057082746
SimBa-SYM,direct,175,1LZ1,NA,A,2,V,0.6806839030176081,N,5.7,-0.259,-1.3,Ssym,0.3625358361855846,-1.6625358361855846,0.44176784057082746
SimBa-SYM,direct,176,1LZ1,NA,A,2,V,0.6806839030176081,R,4.6,0.33399999999999996,-0.4,Ssym,0.4868411862532661,-0.8868411862532661,0.44176784057082746
SimBa-SYM,direct,177,1LZ1,NA,A,2,V,0.6806839030176081,L,-1,0.267,0.3,Ssym,0.015662396882311358,0.28433760311768863,0.44176784057082746
SimBa-SYM,direct,178,1LZ1,NA,A,2,V,0.6806839030176081,M,-0.2,0.22899999999999998,-0.2,Ssym,0.065954634037664,-0.265954634037664,0.44176784057082746
SimBa-SYM,direct,179,1LZ1,NA,A,2,V,0.6806839030176081,F,-0.7,0.499,-0.8,Ssym,0.12261968277069901,-0.9226196827706991,0.44176784057082746
SimBa-SYM,direct,180,1LZ1,NA,A,20,Y,0.23771171995432475,F,-1,-0.037000000000000005,-0.5,Ssym,0.20224552192136244,-0.7022455219213625,0.44176784057082746
SimBa-SYM,direct,181,1LZ1,NA,A,23,I,0.08597791909865427,A,2.9,-0.7809999999999999,-2.5,Ssym,-2.1942941800767173,-0.3057058199232827,0.44176784057082746
SimBa-SYM,direct,182,1LZ1,NA,A,23,I,0.08597791909865427,V,0.7,-0.267,-0.4,Ssym,-0.6457869442152747,0.2457869442152747,0.44176784057082746
SimBa-SYM,direct,183,1LZ1,NA,A,38,Y,0.0969019519835426,F,-1,-0.037000000000000005,-0.2,Ssym,0.2961271269281212,-0.4961271269281212,0.44176784057082746
SimBa-SYM,direct,184,1LZ1,NA,A,45,Y,0.5990724641578326,F,-1,-0.037000000000000005,0.1,Ssym,-0.0386832654856416,0.1386832654856416,0.44176784057082746
SimBa-SYM,direct,185,1LZ1,NA,A,47,A,0.7507184089980665,P,-0.1,0.24100000000000002,0.1,Ssym,0.04123400147606515,0.058765998523934854,0.44176784057082746
SimBa-SYM,direct,186,1LZ1,NA,A,54,Y,0.09431440196484787,F,-1,-0.037000000000000005,-1,Ssym,0.29785231511847987,-1.29785231511848,0.44176784057082746
SimBa-SYM,direct,187,1LZ1,NA,A,56,I,0.005815613840553362,A,2.9,-0.7809999999999999,-3.7,Ssym,-2.48362452067398,-1.21637547932602,0.44176784057082746
SimBa-SYM,direct,188,1LZ1,NA,A,56,I,0.005815613840553362,T,3.4,-0.506,-4.3,Ssym,-2.243723803124015,-2.056276196875985,0.44176784057082746
SimBa-SYM,direct,189,1LZ1,NA,A,56,I,0.005815613840553362,V,0.7,-0.267,-1.2,Ssym,-0.7274941052643853,-0.47250589473561466,0.44176784057082746
SimBa-SYM,direct,190,1LZ1,NA,A,59,I,0.01627512429569355,A,2.9,-0.7809999999999999,-1.7,Ssym,-2.4458729401434227,0.7458729401434228,0.44176784057082746
SimBa-SYM,direct,191,1LZ1,NA,A,59,I,0.01627512429569355,G,3.8,-1.0659999999999998,-3.8,Ssym,-3.273606585310968,-0.5263934146890317,0.44176784057082746
SimBa-SYM,direct,192,1LZ1,NA,A,59,I,0.01627512429569355,V,0.7,-0.267,-1.1,Ssym,-0.7168330233194318,-0.3831669766805683,0.44176784057082746
SimBa-SYM,direct,193,1LZ1,NA,A,63,Y,0.5350696321368893,F,-1,-0.037000000000000005,-0.2,Ssym,0.003989119262204369,-0.20398911926220437,0.44176784057082746
SimBa-SYM,direct,194,1LZ1,NA,A,71,P,0.517320102921282,G,1,-0.526,-1.6,Ssym,-0.39075134252635835,-1.2092486574736419,0.44176784057082746
SimBa-SYM,direct,195,1LZ1,NA,A,74,V,0.5941400673825421,A,2.2,-0.514,-0.4,Ssym,-0.23234946553511748,-0.16765053446488254,0.44176784057082746
SimBa-SYM,direct,196,1LZ1,NA,A,74,V,0.5941400673825421,G,3.1,-0.799,-0.1,Ssym,-0.366336238316324,0.266336238316324,0.44176784057082746
SimBa-SYM,direct,197,1LZ1,NA,A,74,V,0.5941400673825421,I,-0.7,0.267,-1.9,Ssym,0.12783169885139778,-2.0278316988513976,0.44176784057082746
SimBa-SYM,direct,198,1LZ1,NA,A,74,V,0.5941400673825421,L,-1,0.267,-0.4,Ssym,0.12299665590973424,-0.5229966559097343,0.44176784057082746
SimBa-SYM,direct,199,1LZ1,NA,A,74,V,0.5941400673825421,M,-0.2,0.22899999999999998,-0.4,Ssym,0.11609118354001069,-0.5160911835400107,0.44176784057082746
SimBa-SYM,direct,200,1LZ1,NA,A,74,V,0.5941400673825421,F,-0.7,0.499,0,Ssym,0.24870931700100374,-0.24870931700100374,0.44176784057082746
SimBa-SYM,direct,201,1LZ1,NA,A,74,V,0.5941400673825421,Y,0.3,0.536,-0.3,Ssym,0.2841040228045464,-0.5841040228045464,0.44176784057082746
SimBa-SYM,direct,202,1LZ1,NA,A,74,V,0.5941400673825421,D,7.1,-0.289,-0.4,Ssym,-0.03614664885147506,-0.36385335114852496,0.44176784057082746
SimBa-SYM,direct,203,1LZ1,NA,A,74,V,0.5941400673825421,N,5.7,-0.259,-0.3,Ssym,-0.04307945609437536,-0.25692054390562463,0.44176784057082746
SimBa-SYM,direct,204,1LZ1,NA,A,74,V,0.5941400673825421,R,4.6,0.33399999999999996,-0.1,Ssym,0.24815941330364716,-0.3481594133036472,0.44176784057082746
SimBa-SYM,direct,205,1LZ1,NA,A,74,V,0.5941400673825421,S,3.3,-0.51,-0.4,Ssym,-0.21253687788436948,-0.18746312211563054,0.44176784057082746
SimBa-SYM,direct,206,1LZ1,NA,A,77,C,0.16462373153113186,A,2.6,-0.19899999999999998,-4.6,Ssym,-1.0455404515259656,-3.554459548474034,0.44176784057082746
SimBa-SYM,direct,207,1LZ1,NA,A,89,I,0.03773708341160822,A,2.9,-0.7809999999999999,-2.7,Ssym,-2.3684101486119302,-0.33158985138806996,0.44176784057082746
SimBa-SYM,direct,208,1LZ1,NA,A,89,I,0.03773708341160822,V,0.7,-0.267,-0.5,Ssym,-0.6949574579365829,0.19495745793658292,0.44176784057082746
SimBa-SYM,direct,209,1LZ1,NA,A,91,D,0.3634618694454883,P,-5,0.016,-0.4,Ssym,0.7842198833981174,-1.1842198833981175,0.44176784057082746
SimBa-SYM,direct,210,1LZ1,NA,A,93,V,0.026331958328781532,A,2.2,-0.514,-0.7,Ssym,-1.7029923642814973,1.0029923642814973,0.44176784057082746
SimBa-SYM,direct,211,1LZ1,NA,A,99,V,0.019861312708089628,A,2.2,-0.514,-1,Ssym,-1.719751563173942,0.719751563173942,0.44176784057082746
SimBa-SYM,direct,212,1LZ1,NA,A,100,V,0.00860591013220284,A,2.2,-0.514,-0.3,Ssym,-1.7489034502407617,1.4489034502407616,0.44176784057082746
SimBa-SYM,direct,213,1LZ1,NA,A,103,P,1.0468910258319433,G,1,-0.526,-0.1,Ssym,0.5247919640920884,-0.6247919640920884,0.44176784057082746
SimBa-SYM,direct,214,1LZ1,NA,A,106,I,0.02780248812287472,A,2.9,-0.7809999999999999,-0.9,Ssym,-2.404267149347257,1.5042671493472572,0.44176784057082746
SimBa-SYM,direct,215,1LZ1,NA,A,106,I,0.02780248812287472,V,0.7,-0.267,-0.7,Ssym,-0.7050835087606049,0.005083508760604927,0.44176784057082746
SimBa-SYM,direct,216,1LZ1,NA,A,110,V,0.5542022324314287,A,2.2,-0.514,0.5,Ssym,-0.335789857501409,0.835789857501409,0.44176784057082746
SimBa-SYM,direct,217,1LZ1,NA,A,110,V,0.5542022324314287,D,7.1,-0.289,0.2,Ssym,-0.2667698258559337,0.4667698258559337,0.44176784057082746
SimBa-SYM,direct,218,1LZ1,NA,A,110,V,0.5542022324314287,G,3.1,-0.799,-2.2,Ssym,-0.5177233839638691,-1.682276616036131,0.44176784057082746
SimBa-SYM,direct,219,1LZ1,NA,A,110,V,0.5542022324314287,I,-0.7,0.267,-0.8,Ssym,0.16853919973721648,-0.9685391997372166,0.44176784057082746
SimBa-SYM,direct,220,1LZ1,NA,A,110,V,0.5542022324314287,L,-1,0.267,0.1,Ssym,0.17252875591640843,-0.07252875591640842,0.44176784057082746
SimBa-SYM,direct,221,1LZ1,NA,A,110,V,0.5542022324314287,M,-0.2,0.22899999999999998,0.4,Ssym,0.13922795838191207,0.260772041618088,0.44176784057082746
SimBa-SYM,direct,222,1LZ1,NA,A,110,V,0.5542022324314287,N,5.7,-0.259,0.1,Ssym,-0.23026085934340085,0.3302608593434009,0.44176784057082746
SimBa-SYM,direct,223,1LZ1,NA,A,110,V,0.5542022324314287,R,4.6,0.33399999999999996,0.9,Ssym,0.13801369138190384,0.7619863086180962,0.44176784057082746
SimBa-SYM,direct,224,1LZ1,NA,A,110,V,0.5542022324314287,F,-0.7,0.499,-1.9,Ssym,0.3068965577672975,-2.2068965577672977,0.44176784057082746
SimBa-SYM,direct,225,1LZ1,NA,A,110,V,0.5542022324314287,P,2.1,-0.273,0.5,Ssym,-0.19073533610870624,0.6907353361087063,0.44176784057082746
SimBa-SYM,direct,226,1LZ1,NA,A,110,V,0.5542022324314287,Y,0.3,0.536,-0.1,Ssym,0.31566365030409904,-0.415663650304099,0.44176784057082746
SimBa-SYM,direct,227,1LZ1,NA,A,121,V,0.10296621365058094,A,2.2,-0.514,-1.4,Ssym,-1.504506957693106,0.10450695769310614,0.44176784057082746
SimBa-SYM,direct,228,1LZ1,NA,A,124,Y,0.09580485282936554,F,-1,-0.037000000000000005,-0.4,Ssym,0.29685859201701387,-0.6968585920170138,0.44176784057082746
SimBa-SYM,direct,229,1LZ1,NA,A,125,V,0.18716784876142703,A,2.2,-0.514,-1.3,Ssym,-1.2864217722860847,-0.01357822771391537,0.44176784057082746
SimBa-SYM,direct,230,1LZ1,NA,A,130,V,0.4879930319943236,A,2.2,-0.514,-0.8,Ssym,-0.5072740066389927,-0.29272599336100735,0.44176784057082746
SimBa-SYM,direct,231,1OH0,NA,A,32,Y,0,F,-1,-0.037000000000000005,0.2,Ssym,0.3607342270718452,-0.1607342270718452,0.44176784057082746
SimBa-SYM,direct,232,1OH0,NA,A,57,Y,0.06306194924440672,F,-1,-0.037000000000000005,-1.2,Ssym,0.3186891538128073,-1.5186891538128073,0.44176784057082746
SimBa-SYM,direct,233,1RN1,NA,C,25,Q,0.4933160073759864,K,0.8,0.248,1.4,Ssym,0.1298710176484157,1.2701289823515842,0.44176784057082746
SimBa-SYM,direct,234,1VQB,NA,A,47,I,0.014143747204906706,L,-0.3,0,-0.4,Ssym,0.12332000160203858,-0.5233200016020386,0.44176784057082746
SimBa-SYM,direct,235,1VQB,NA,A,47,I,0.014143747204906706,M,0.5,-0.038,-1.7,Ssym,-0.2669109936509326,-1.4330890063490673,0.44176784057082746
SimBa-SYM,direct,236,1VQB,NA,A,47,I,0.014143747204906706,V,0.7,-0.267,-2,Ssym,-0.7190054754545417,-1.2809945245454584,0.44176784057082746
SimBa-SYM,direct,237,1VQB,NA,A,35,V,0.05663922067326489,I,-0.7,0.267,-0.6,Ssym,0.6756910462679327,-1.2756910462679327,0.44176784057082746
SimBa-SYM,direct,238,1VQB,NA,A,41,Y,0.8229644485051265,F,-1,-0.037000000000000005,-3.2,Ssym,-0.1879579865620485,-3.0120420134379517,0.44176784057082746
SimBa-SYM,direct,239,2LZM,NA,A,3,I,0.11907695526055705,L,-0.3,0,0.7,Ssym,0.10013413044277537,0.5998658695572245,0.44176784057082746
SimBa-SYM,direct,240,2LZM,NA,A,3,I,0.11907695526055705,C,0.3,-0.5820000000000001,0,Ssym,-0.9249692323955799,0.9249692323955799,0.44176784057082746
SimBa-SYM,direct,241,2LZM,NA,A,3,I,0.11907695526055705,P,2.8,-0.54,-3,Ssym,-1.6998961368035568,-1.3001038631964432,0.44176784057082746
SimBa-SYM,direct,242,2LZM,NA,A,3,I,0.11907695526055705,Y,1,0.26899999999999996,-2.3,Ssym,0.0474577824163577,-2.3474577824163574,0.44176784057082746
SimBa-SYM,direct,243,2LZM,NA,A,3,I,0.11907695526055705,V,0.7,-0.267,-0.4,Ssym,-0.6120500367056491,0.21205003670564904,0.44176784057082746
SimBa-SYM,direct,244,2LZM,NA,A,6,M,0,I,-0.5,0.038,-1.4,Ssym,0.2731335619918564,-1.6731335619918564,0.44176784057082746
SimBa-SYM,direct,245,2LZM,NA,A,16,K,0.5881932962899652,E,1,-0.302,0.5,Ssym,-0.14900052277297687,0.6490005227729769,0.44176784057082746
SimBa-SYM,direct,246,2LZM,NA,A,38,S,0.4224831066259817,D,3.8,0.221,0.6,Ssym,-0.23247676659992103,0.832476766599921,0.44176784057082746
SimBa-SYM,direct,247,2LZM,NA,A,55,N,0.8282534935212336,G,-2.6,-0.54,-0.6,Ssym,-0.533080782281817,-0.06691921771818299,0.44176784057082746
SimBa-SYM,direct,248,2LZM,NA,A,60,K,0.5273684372986714,P,-3.3,-0.5589999999999999,0,Ssym,-0.2525619221501114,0.2525619221501114,0.44176784057082746
SimBa-SYM,direct,249,2LZM,NA,A,77,G,0.04552509603604734,A,-0.9,0.285,0.4,Ssym,0.7926180413313574,-0.39261804133135736,0.44176784057082746
SimBa-SYM,direct,250,2LZM,NA,A,82,A,0.8200146378403756,P,-0.1,0.24100000000000002,0.8,Ssym,0.004624442749833535,0.7953755572501665,0.44176784057082746
SimBa-SYM,direct,251,2LZM,NA,A,85,K,0.40328796052920074,A,-3.2,-0.8,-0.6,Ssym,-0.3066136179990203,-0.29338638200097966,0.44176784057082746
SimBa-SYM,direct,252,2LZM,NA,A,89,D,0.5145259928905112,A,-4.9,-0.225,-0.5,Ssym,0.057329697898755694,-0.5573296978987556,0.44176784057082746
SimBa-SYM,direct,253,2LZM,NA,A,96,R,0.31066546368222275,A,-2.4,-0.848,-2,Ssym,-0.4329151433714265,-1.5670848566285736,0.44176784057082746
SimBa-SYM,direct,254,2LZM,NA,A,96,R,0.31066546368222275,D,2.5,-0.623,-3.5,Ssym,-1.139442523012363,-2.360557476987637,0.44176784057082746
SimBa-SYM,direct,255,2LZM,NA,A,96,R,0.31066546368222275,M,-4.8,-0.105,-2.7,Ssym,0.813957086744162,-3.513957086744162,0.44176784057082746
SimBa-SYM,direct,256,2LZM,NA,A,96,R,0.31066546368222275,E,1.8,-0.35,-2.5,Ssym,-0.7163383755061231,-1.783661624493877,0.44176784057082746
SimBa-SYM,direct,257,2LZM,NA,A,96,R,0.31066546368222275,G,-1.5,-1.133,-2.6,Ssym,-0.9072229930249105,-1.6927770069750896,0.44176784057082746
SimBa-SYM,direct,258,2LZM,NA,A,96,R,0.31066546368222275,Q,0,-0.29600000000000004,-0.3,Ssym,-0.3125185811138633,0.012518581113863336,0.44176784057082746
SimBa-SYM,direct,259,2LZM,NA,A,96,R,0.31066546368222275,H,-0.1,-0.20199999999999999,-3.1,Ssym,-0.1940058005199036,-2.9059941994800966,0.44176784057082746
SimBa-SYM,direct,260,2LZM,NA,A,96,R,0.31066546368222275,N,1.1,-0.593,-3,Ssym,-0.8380301329145909,-2.161969867085409,0.44176784057082746
SimBa-SYM,direct,261,2LZM,NA,A,96,R,0.31066546368222275,K,0.8,-0.048,0,Ssym,-0.2048148085889753,0.2048148085889753,0.44176784057082746
SimBa-SYM,direct,262,2LZM,NA,A,96,R,0.31066546368222275,S,-1.3,-0.8440000000000001,-2.6,Ssym,-0.6406290839719081,-1.9593709160280919,0.44176784057082746
SimBa-SYM,direct,263,2LZM,NA,A,96,R,0.31066546368222275,Y,-4.3,0.20199999999999999,-4.7,Ssym,1.0417544591982548,-5.741754459198255,0.44176784057082746
SimBa-SYM,direct,264,2LZM,NA,A,96,R,0.31066546368222275,V,-4.6,-0.33399999999999996,-2.4,Ssym,0.5336434788479033,-2.933643478847903,0.44176784057082746
SimBa-SYM,direct,265,2LZM,NA,A,96,R,0.31066546368222275,W,-5.1,0.544,-4.5,Ssym,1.5569762368665399,-6.056976236866539,0.44176784057082746
SimBa-SYM,direct,266,2LZM,NA,A,98,A,0,V,-2.2,0.514,-4.9,Ssym,1.77119305903882,-6.671193059038821,0.44176784057082746
SimBa-SYM,direct,267,2LZM,NA,A,105,Q,0.33418604632315857,A,-2.4,-0.552,-0.6,Ssym,-0.1374796895333047,-0.4625203104666953,0.44176784057082746
SimBa-SYM,direct,268,2LZM,NA,A,105,Q,0.33418604632315857,E,1.8,-0.054000000000000006,-1.1,Ssym,-0.3702412795798438,-0.7297587204201563,0.44176784057082746
SimBa-SYM,direct,269,2LZM,NA,A,105,Q,0.33418604632315857,G,-1.5,-0.8370000000000001,-1.5,Ssym,-0.5835502653409494,-0.9164497346590506,0.44176784057082746
SimBa-SYM,direct,270,2LZM,NA,A,113,G,0.6903559561064411,A,-0.9,0.285,0.3,Ssym,0.01847626695347171,0.2815237330465283,0.44176784057082746
SimBa-SYM,direct,271,2LZM,NA,A,115,T,0.6122457118739004,E,3.7,0.223,0.3,Ssym,0.21754429954074078,0.0824557004592592,0.44176784057082746
SimBa-SYM,direct,272,2LZM,NA,A,116,N,0.5539714149551953,D,1.4,-0.03,0.6,Ssym,-0.03676003471874876,0.6367600347187488,0.44176784057082746
SimBa-SYM,direct,273,2LZM,NA,A,119,R,0.49032535386628934,E,1.8,-0.35,0,Ssym,-0.3595277527881295,0.3595277527881295,0.44176784057082746
SimBa-SYM,direct,274,2LZM,NA,A,123,Q,0.5228033910177644,E,1.8,-0.054000000000000006,0.4,Ssym,-0.10096689979966626,0.5009668997996662,0.44176784057082746
SimBa-SYM,direct,275,2LZM,NA,A,124,K,0.4944774319168021,G,-2.3,-1.085,-0.1,Ssym,-0.6375473863822172,0.5375473863822172,0.44176784057082746
SimBa-SYM,direct,276,2LZM,NA,A,131,V,0.6324816647897471,A,2.2,-0.514,0.3,Ssym,-0.1330433847405582,0.4330433847405582,0.44176784057082746
SimBa-SYM,direct,277,2LZM,NA,A,131,V,0.6324816647897471,D,7.1,-0.289,0.1,Ssym,0.18525896856116836,-0.08525896856116835,0.44176784057082746
SimBa-SYM,direct,278,2LZM,NA,A,131,V,0.6324816647897471,G,3.1,-0.799,-0.7,Ssym,-0.2209997422806953,-0.47900025771930466,0.44176784057082746
SimBa-SYM,direct,279,2LZM,NA,A,131,V,0.6324816647897471,I,-0.7,0.267,0.2,Ssym,0.08875119755912642,0.1112488024408736,0.44176784057082746
SimBa-SYM,direct,280,2LZM,NA,A,131,V,0.6324816647897471,L,-1,0.267,0.1,Ssym,0.07544425755078471,0.024555742449215295,0.44176784057082746
SimBa-SYM,direct,281,2LZM,NA,A,131,V,0.6324816647897471,S,3.3,-0.51,-0.1,Ssym,-0.08245650397221527,-0.01754349602778474,0.44176784057082746
SimBa-SYM,direct,282,2LZM,NA,A,131,V,0.6324816647897471,M,-0.2,0.22899999999999998,0.1,Ssym,0.09387914056434099,0.006120859435659015,0.44176784057082746
SimBa-SYM,direct,283,2LZM,NA,A,131,V,0.6324816647897471,E,6.4,-0.016,0.2,Ssym,0.2767023172269298,-0.07670231722692977,0.44176784057082746
SimBa-SYM,direct,284,2LZM,NA,A,133,L,0.011362151095406638,A,3.2,-0.7809999999999999,-4.2,Ssym,-2.5875399854933168,-1.6124600145066834,0.44176784057082746
SimBa-SYM,direct,285,2LZM,NA,A,135,K,0.7176322541293608,E,1,-0.302,-1,Ssym,0.020080194594602918,-1.020080194594603,0.44176784057082746
SimBa-SYM,direct,286,2LZM,NA,A,144,N,0.6883967495562731,D,1.4,-0.03,0.4,Ssym,0.10945908256406199,0.290540917435938,0.44176784057082746
SimBa-SYM,direct,287,2LZM,NA,A,147,K,0.42770808901196933,E,1,-0.302,-0.7,Ssym,-0.3586356621961219,-0.34136433780387804,0.44176784057082746
SimBa-SYM,direct,288,2LZM,NA,A,149,V,3.7057709726610226e-4,C,-0.4,-0.315,-2.2,Ssym,-0.3484888577912205,-1.8515111422087798,0.44176784057082746
SimBa-SYM,direct,289,2LZM,NA,A,152,T,0.0010249081062314645,S,0.6,-0.271,-2.6,Ssym,-0.6968640313498136,-1.9031359686501865,0.44176784057082746
SimBa-SYM,direct,290,2LZM,NA,A,154,R,0.35436052862151185,E,1.8,-0.35,-1.1,Ssym,-0.6295584976228756,-0.47044150237712445,0.44176784057082746
SimBa-SYM,direct,291,2LZM,NA,A,156,G,0.2385666515971688,D,4,0.51,-2.3,Ssym,-0.3752624300885825,-1.9247375699114173,0.44176784057082746
SimBa-SYM,direct,292,2LZM,NA,A,157,T,0.3833835159395049,A,-0.5,-0.275,-0.5,Ssym,-0.1830653100857432,-0.3169346899142568,0.44176784057082746
SimBa-SYM,direct,293,2LZM,NA,A,157,T,0.3833835159395049,C,-3.1,-0.076,-1.3,Ssym,0.36142970617244496,-1.661429706172445,0.44176784057082746
SimBa-SYM,direct,294,2LZM,NA,A,157,T,0.3833835159395049,D,4.4,-0.05,-1.1,Ssym,-0.6580206873897263,-0.4419793126102738,0.44176784057082746
SimBa-SYM,direct,295,2LZM,NA,A,157,T,0.3833835159395049,E,3.7,0.223,-0.8,Ssym,-0.30985909162194175,-0.4901409083780583,0.44176784057082746
SimBa-SYM,direct,296,2LZM,NA,A,157,T,0.3833835159395049,F,-3.4,0.738,-2.4,Ssym,1.1509210919449815,-3.550921091944981,0.44176784057082746
SimBa-SYM,direct,297,2LZM,NA,A,157,T,0.3833835159395049,G,0.4,-0.56,-1.1,Ssym,-0.5700726201874895,-0.5299273798125106,0.44176784057082746
SimBa-SYM,direct,298,2LZM,NA,A,157,T,0.3833835159395049,H,1.8,0.371,-2.1,Ssym,0.09040832983365499,-2.190408329833655,0.44176784057082746
SimBa-SYM,direct,299,2LZM,NA,A,157,T,0.3833835159395049,I,-3.4,0.506,-1.5,Ssym,0.9378008747200951,-2.437800874720095,0.44176784057082746
SimBa-SYM,direct,300,2LZM,NA,A,157,T,0.3833835159395049,L,-3.7,0.506,-1.7,Ssym,0.97953425695359,-2.67953425695359,0.44176784057082746
SimBa-SYM,direct,301,2LZM,NA,A,157,T,0.3833835159395049,N,3,-0.02,-1.2,Ssym,-0.43570625485433623,-0.7642937451456637,0.44176784057082746
SimBa-SYM,direct,302,2LZM,NA,A,157,T,0.3833835159395049,R,1.9,0.573,0.3,Ssym,0.2620587708682963,0.03794122913170367,0.44176784057082746
SimBa-SYM,direct,303,2LZM,NA,A,157,T,0.3833835159395049,S,0.6,-0.271,-0.7,Ssym,-0.33241322510468074,-0.3675867748953192,0.44176784057082746
SimBa-SYM,direct,304,2LZM,NA,A,157,T,0.3833835159395049,V,-2.7,0.239,-1.2,Ssym,0.5951510087081266,-1.7951510087081266,0.44176784057082746
SimBa-SYM,direct,305,2RN2,NA,A,10,D,0.1513388064249355,N,-1.4,0.03,0.9,Ssym,0.47471754312504005,0.42528245687495997,0.44176784057082746
SimBa-SYM,direct,306,2RN2,NA,A,48,E,0.11672987901444895,Q,-1.8,0.054000000000000006,0.2,Ssym,0.6806866136303018,-0.4806866136303018,0.44176784057082746
SimBa-SYM,direct,307,2RN2,NA,A,52,A,0.007797220904145982,F,-2.9,1.013,-0.5,Ssym,2.8539767527263677,-3.3539767527263677,0.44176784057082746
SimBa-SYM,direct,308,2RN2,NA,A,52,A,0.007797220904145982,I,-2.9,0.7809999999999999,1.9,Ssym,2.4764722931426837,-0.5764722931426838,0.44176784057082746
SimBa-SYM,direct,309,2RN2,NA,A,52,A,0.007797220904145982,L,-3.2,0.7809999999999999,1.3,Ssym,2.6011946128844694,-1.3011946128844694,0.44176784057082746
SimBa-SYM,direct,310,2RN2,NA,A,52,A,0.007797220904145982,V,-2.2,0.514,1.7,Ssym,1.7509979836783283,-0.05099798367832831,0.44176784057082746
SimBa-SYM,direct,311,2RN2,NA,A,62,H,0.7471062790487638,A,-2.3,-0.6459999999999999,0.4,Ssym,-0.44635810593860237,0.8463581059386024,0.44176784057082746
SimBa-SYM,direct,312,2RN2,NA,A,62,H,0.7471062790487638,P,-2.4,-0.405,1.1,Ssym,-0.4032157973913587,1.5032157973913587,0.44176784057082746
SimBa-SYM,direct,313,2RN2,NA,A,70,D,0.4024302877554799,N,-1.4,0.03,0.9,Ssym,0.20159659560172127,0.6984034043982787,0.44176784057082746
SimBa-SYM,direct,314,2RN2,NA,A,74,V,0.01458243422125986,L,-1,0.267,1,Ssym,0.8417814042696546,0.15821859573034536,0.44176784057082746
SimBa-SYM,direct,315,2RN2,NA,A,74,V,0.01458243422125986,I,-0.7,0.267,0.6,Ssym,0.7185583342379823,-0.11855833423798234,0.44176784057082746
SimBa-SYM,direct,316,2RN2,NA,A,77,G,0,A,-0.9,0.285,-0.9,Ssym,0.8472724954004787,-1.7472724954004786,0.44176784057082746
SimBa-SYM,direct,317,2RN2,NA,A,95,K,0.673105281237697,A,-3.2,-0.8,0.1,Ssym,-0.5353295826800477,0.6353295826800477,0.44176784057082746
SimBa-SYM,direct,318,2RN2,NA,A,95,K,0.673105281237697,G,-2.3,-1.085,1.9,Ssym,-0.5745158821072254,2.4745158821072253,0.44176784057082746
SimBa-SYM,direct,319,2RN2,NA,A,95,K,0.673105281237697,N,0.3,-0.545,0.9,Ssym,-0.18048658029959552,1.0804865802995955,0.44176784057082746
SimBa-SYM,direct,320,2RN2,NA,A,134,D,0.3554778210473742,A,-4.9,-0.225,2.1,Ssym,0.5638215864800913,1.5361784135199088,0.44176784057082746
SimBa-SYM,direct,321,2RN2,NA,A,134,D,0.3554778210473742,H,-2.6,0.42100000000000004,2.3,Ssym,0.824031109743498,1.4759688902565018,0.44176784057082746
SimBa-SYM,direct,322,2RN2,NA,A,134,D,0.3554778210473742,N,-1.4,0.03,1,Ssym,0.2526684285763868,0.7473315714236132,0.44176784057082746
SimBa-SYM,direct,323,4LYZ,NA,A,12,M,0.011553896729140527,F,-0.5,0.27,0.5,Ssym,0.6439106646536523,-0.14391066465365232,0.44176784057082746
SimBa-SYM,direct,324,4LYZ,NA,A,12,M,0.011553896729140527,L,-0.8,0.038,-0.4,Ssym,0.3919426540226483,-0.7919426540226483,0.44176784057082746
SimBa-SYM,direct,325,4LYZ,NA,A,40,T,8.390496943848412e-4,S,0.6,-0.271,-0.3,Ssym,-0.69704118506535,0.39704118506534997,0.44176784057082746
SimBa-SYM,direct,326,4LYZ,NA,A,49,G,0.25782051465291983,A,-0.9,0.285,-0.7,Ssym,0.5377500406863192,-1.237750040686319,0.44176784057082746
SimBa-SYM,direct,327,4LYZ,NA,A,55,I,0.016907733839636802,V,0.7,-0.267,-0.9,Ssym,-0.7161882223781196,-0.1838117776218804,0.44176784057082746
SimBa-SYM,direct,328,4LYZ,NA,A,58,I,0.020679809692634575,M,0.5,-0.038,-1.2,Ssym,-0.2640354405940789,-0.935964559405921,0.44176784057082746
SimBa-SYM,direct,329,4LYZ,NA,A,67,G,0.9081224054808341,A,-0.9,0.285,-0.5,Ssym,-0.2429598955469724,-0.2570401044530276,0.44176784057082746
SimBa-SYM,direct,330,4LYZ,NA,A,71,G,0.422438081234886,A,-0.9,0.285,-2.1,Ssym,0.34012095222485617,-2.440120952224856,0.44176784057082746
SimBa-SYM,direct,331,4LYZ,NA,A,78,I,0.3017395859158316,M,0.5,-0.038,-0.9,Ssym,-0.14038266031624252,-0.7596173396837576,0.44176784057082746
SimBa-SYM,direct,332,4LYZ,NA,A,91,S,0.007784398759976585,A,-1.1,-0.004,-0.2,Ssym,0.4508167663042159,-0.6508167663042159,0.44176784057082746
SimBa-SYM,direct,333,4LYZ,NA,A,91,S,0.007784398759976585,T,-0.6,0.271,1,Ssym,0.690421122080623,0.309578877919377,0.44176784057082746
SimBa-SYM,direct,334,4LYZ,NA,A,98,I,0.06002321064265107,M,0.5,-0.038,-0.9,Ssym,-0.24672623691353573,-0.6532737630864642,0.44176784057082746
SimBa-SYM,direct,335,4LYZ,NA,A,102,G,0.775733802544479,A,-0.9,0.285,-1.2,Ssym,-0.0840227938496822,-1.1159772061503177,0.44176784057082746
SimBa-SYM,direct,336,4LYZ,NA,A,117,G,1.0166119419741304,A,-0.9,0.285,-0.8,Ssym,-0.37320534048921106,-0.426794659510789,0.44176784057082746
SimBa-SYM,direct,337,5PTI,NA,A,22,F,0.11095153276596051,A,2.9,-1.013,-1.2,Ssym,-2.4365132809885446,1.2365132809885446,0.44176784057082746
SimBa-SYM,direct,338,5PTI,NA,A,23,Y,0.05599185110184739,A,1.9,-1.05,-5.9,Ssym,-2.335531056323301,-3.564468943676699,0.44176784057082746
SimBa-SYM,direct,339,5PTI,NA,A,35,Y,0.0628553995460648,G,2.8,-1.335,-5,Ssym,-3.084142932339448,-1.9158570676605522,0.44176784057082746
SimBa-SYM,direct,340,5PTI,NA,A,43,N,0.020784075846866448,G,-2.6,-0.54,-5.7,Ssym,0.19061313795528376,-5.890613137955284,0.44176784057082746
SimBa-SYM,direct,341,5PTI,NA,A,45,F,0.09086635107277063,A,2.9,-1.013,-6.9,Ssym,-2.5177976163574467,-4.382202383642554,0.44176784057082746
SimBa-SYM,reverse,0,1QIR,NA,A,191,Y,0.09234460690071383,C,-0.7,-0.851,2.3,Ssym,-1.0015616083337886,3.301561608333788,0.4302016381477871
SimBa-SYM,reverse,1,1QIS,NA,A,191,F,0.11051131690063173,C,0.3,-0.8140000000000001,1.6,Ssym,-1.2688157884651108,2.8688157884651106,0.4302016381477871
SimBa-SYM,reverse,2,1QIT,NA,A,191,W,0.09031274859453454,C,0.1,-1.193,3.9,Ssym,-1.7910042503667774,5.6910042503667775,0.4302016381477871
SimBa-SYM,reverse,3,5EAA,NA,A,191,S,0.04593565135473619,C,-3.7,0.195,1.9,Ssym,1.7375778093791265,0.16242219062087337,0.4302016381477871
SimBa-SYM,reverse,4,1BRG,NA,A,7,L,0.24144000997839615,F,0.3,0.23199999999999998,4.1,Ssym,0.20214816758518733,3.8978518324148124,0.4302016381477871
SimBa-SYM,reverse,5,1BRH,NA,A,14,A,0.009807202580401396,L,-3.2,0.7809999999999999,4.5,Ssym,2.5934958503898784,1.9065041496101216,0.4302016381477871
SimBa-SYM,reverse,6,1BNS,NA,A,26,A,0.2137720779103461,T,0.5,0.275,1.7,Ssym,0.20859696978825032,1.4914030302117496,0.4302016381477871
SimBa-SYM,reverse,7,1BSA,NA,A,51,V,0.019769271935495953,I,-0.7,0.267,1.1,Ssym,0.7132715378679407,0.38672846213205936,0.4302016381477871
SimBa-SYM,reverse,8,1BRI,NA,A,76,A,0,I,-2.9,0.7809999999999999,1.7,Ssym,2.504614854320846,-0.8046148543208462,0.4302016381477871
SimBa-SYM,reverse,9,1BSB,NA,A,76,V,0,I,-0.7,0.267,1,Ssym,0.7334217952820262,0.2665782047179738,0.4302016381477871
SimBa-SYM,reverse,10,1BAO,NA,A,78,F,0.04813034627384472,Y,1,0.037000000000000005,1.1,Ssym,-0.32864444933243997,1.42864444933244,0.4302016381477871
SimBa-SYM,reverse,11,1BRJ,NA,A,88,A,0.005104076823897912,I,-2.9,0.7809999999999999,4,Ssym,2.4861926759523696,1.5138073240476304,0.4302016381477871
SimBa-SYM,reverse,12,1BSC,NA,A,88,V,0,I,-0.7,0.267,1.6,Ssym,0.7334217952820262,0.8665782047179739,0.4302016381477871
SimBa-SYM,reverse,13,1BSE,NA,A,89,V,0,L,-1,0.267,0.5,Ssym,0.859866976286073,-0.359866976286073,0.4302016381477871
SimBa-SYM,reverse,14,1BAN,NA,A,91,A,0.012029410250150236,S,1.1,0.004,2.4,Ssym,-0.44740957315838176,2.8474095731583815,0.4302016381477871
SimBa-SYM,reverse,15,1BRK,NA,A,96,A,0.02106775864460408,I,-2.9,0.7809999999999999,3.2,Ssym,2.428574853167708,0.7714251468322924,0.4302016381477871
SimBa-SYM,reverse,16,1BSD,NA,A,96,V,0.005685601867407757,I,-0.7,0.267,3.1,Ssym,0.727626622776125,2.372373377223875,0.4302016381477871
SimBa-SYM,reverse,17,1E6K,chey,A,12,A,0.010806127370742994,D,4.9,0.225,-2.5,Ssym,-1.661435064508493,-0.838564935491507,0.4302016381477871
SimBa-SYM,reverse,18,1E6L,chey,A,13,A,0.2343500927334794,D,4.9,0.225,-2.7,Ssym,-0.9495551108728066,-1.7504448891271935,0.4302016381477871
SimBa-SYM,reverse,19,1E6M,NA,A,57,A,0.10527457152015052,D,4.9,0.225,-3.3,Ssym,-1.3605985309344764,-1.9394014690655235,0.4302016381477871
SimBa-SYM,reverse,20,2EXZ,nuc,A,22,C,0.07882484454418809,T,3.1,0.076,0.9,Ssym,-1.013142831139997,1.913142831139997,0.4302016381477871
SimBa-SYM,reverse,21,2EY1,nuc,A,22,V,0.09954242982759284,T,2.7,-0.239,0.9,Ssym,-1.2875826854208936,2.1875826854208937,0.4302016381477871
SimBa-SYM,reverse,22,2F0E,nuc,A,23,L,0.0017155430035772179,V,1,-0.267,0.1,Ssym,-0.8577393084311943,0.9577393084311943,0.4302016381477871
SimBa-SYM,reverse,23,2F0F,nuc,A,25,I,0.0012113206903580742,L,-0.3,0,1.7,Ssym,0.1261775295524272,1.5738224704475727,0.4302016381477871
SimBa-SYM,reverse,24,1EY5,NA,A,33,V,0.29245755903252973,T,2.7,-0.239,-0.4,Ssym,-0.8169653121278433,0.41696531212784327,0.4302016381477871
SimBa-SYM,reverse,25,2EY2,nuc,A,41,C,0.09218301168626193,T,3.1,0.076,-0.6,Ssym,-0.9845582145466977,0.3845582145466977,0.4302016381477871
SimBa-SYM,reverse,26,1EY6,NA,A,41,I,0.05707973035911045,T,3.4,-0.506,-0.7,Ssym,-2.066412689563285,1.3664126895632849,0.4302016381477871
SimBa-SYM,reverse,27,2EY5,nuc,A,41,S,0.11313155904098275,T,-0.6,0.271,1.1,Ssym,0.5900079060224939,0.5099920939775062,0.4302016381477871
SimBa-SYM,reverse,28,2EY6,nuc,A,41,V,0.06094801716396133,T,2.7,-0.239,-0.8,Ssym,-1.381733938287387,0.581733938287387,0.4302016381477871
SimBa-SYM,reverse,29,2EYF,nuc,A,44,V,0.3034459260363933,T,2.7,-0.239,-0.1,Ssym,-0.7901591386698523,0.6901591386698523,0.4302016381477871
SimBa-SYM,reverse,30,1EY4,NA,A,59,A,0.1958541098669576,S,1.1,0.004,-0.5,Ssym,-0.299865506901027,-0.20013449309897302,0.4302016381477871
SimBa-SYM,reverse,31,2EYH,nuc,A,62,S,8.28390382746319e-4,T,-0.6,0.271,2.1,Ssym,0.697051345147119,1.4029486548528811,0.4302016381477871
SimBa-SYM,reverse,32,2EYJ,nuc,A,62,V,0,T,2.7,-0.239,0.2,Ssym,-1.530416915425238,1.730416915425238,0.4302016381477871
SimBa-SYM,reverse,33,2F0G,nuc,A,66,I,0.04137058104045549,V,0.7,-0.267,1,Ssym,-0.6912539369989564,1.6912539369989563,0.4302016381477871
SimBa-SYM,reverse,34,2F0H,nuc,A,66,L,0.020302867464882555,V,1,-0.267,0.3,Ssym,-0.8346867514961265,1.1346867514961265,0.4302016381477871
SimBa-SYM,reverse,35,2SNM,NA,A,66,K,0.013708246524756001,V,-5.4,-0.28600000000000003,7.5,Ssym,1.7593095177115732,5.740690482288427,0.4302016381477871
SimBa-SYM,reverse,36,2F0I,nuc,A,72,L,0.0817789065018626,I,0.3,0,0.2,Ssym,-0.10837544669560903,0.308375446695609,0.4302016381477871
SimBa-SYM,reverse,37,2F0J,nuc,A,72,V,0.08081613042281795,I,-0.7,0.267,1.2,Ssym,0.6510482088118965,0.5489517911881034,0.4302016381477871
SimBa-SYM,reverse,38,2EYL,nuc,A,82,S,0.5202099060508154,T,-0.6,0.271,0.7,Ssym,0.20199511192486097,0.498004888075139,0.4302016381477871
SimBa-SYM,reverse,39,2F0D,nuc,A,92,V,0.006700626686796587,I,-0.7,0.267,0.4,Ssym,0.7265920368055792,-0.32659203680557913,0.4302016381477871
SimBa-SYM,reverse,40,1KAB,NA,A,116,G,0.42593333531910976,K,2.3,1.085,-1,Ssym,0.6617341945095516,-1.6617341945095516,0.4302016381477871
SimBa-SYM,reverse,41,1SYG,NA,A,117,A,0.5359207872486974,P,-0.1,0.24100000000000002,-0.8,Ssym,0.15471270412787877,-0.9547127041278788,0.4302016381477871
SimBa-SYM,reverse,42,1SYC,NA,A,117,G,0.4111215000766127,P,-1,0.526,-0.9,Ssym,0.5743517174719261,-1.4743517174719263,0.4302016381477871
SimBa-SYM,reverse,43,1SYE,NA,A,117,T,0.4785134155988655,P,-0.6,-0.034,-1.1,Ssym,0.016295939376705253,-1.1162959393767053,0.4302016381477871
SimBa-SYM,reverse,44,2EYM,nuc,A,120,C,0.3979375227478106,T,3.1,0.076,1.7,Ssym,-0.3302861593005572,2.030286159300557,0.4302016381477871
SimBa-SYM,reverse,45,2EYO,nuc,A,120,S,0.42651676769517993,T,-0.6,0.271,0.6,Ssym,0.29130012327754806,0.3086998767224519,0.4302016381477871
SimBa-SYM,reverse,46,2EYP,nuc,A,120,V,0.39608066365591854,T,2.7,-0.239,1.8,Ssym,-0.5641762565917978,2.364176256591798,0.4302016381477871
SimBa-SYM,reverse,47,1EY7,NA,A,128,A,0.07646421603864167,S,1.1,0.004,-0.7,Ssym,-0.3956919678836021,-0.30430803211639784,0.4302016381477871
SimBa-SYM,reverse,48,1MX2,NA,A,71,N,0.09073420501389647,F,-6.4,0.758,-0.7,Ssym,3.384595731458395,-4.084595731458395,0.4302016381477871
SimBa-SYM,reverse,49,1MX4,NA,A,82,Q,0.2854909935381094,F,-5.3,0.461,0.4,Ssym,1.6280433078065755,-1.2280433078065753,0.4302016381477871
SimBa-SYM,reverse,50,1MX6,NA,A,92,N,0.28101658084023834,F,-6.4,0.758,1.1,Ssym,2.215545666684633,-1.1155456666846328,0.4302016381477871
SimBa-SYM,reverse,51,1HIB,NA,A,9,G,0,T,-0.4,0.56,2.6,Ssym,1.088048639014061,1.5119513609859392,0.4302016381477871
SimBa-SYM,reverse,52,245L,t4 lysozyme gene,A,6,A,0.007386508103783933,M,-2.4,0.743,1.9,Ssym,2.2080708278026284,-0.3080708278026285,0.4302016381477871
SimBa-SYM,reverse,53,230L,t4 lysozyme,A,6,L,0.008835871193720141,M,0.8,-0.038,2.8,Ssym,-0.39373902500523655,3.1937390250052364,0.4302016381477871
SimBa-SYM,reverse,54,1QT6,NA,A,11,H,0.2541082134821219,E,1.9,-0.14800000000000002,-0.1,Ssym,-0.6172700659481533,0.5172700659481533,0.4302016381477871
SimBa-SYM,reverse,55,1QT7,NA,A,11,N,0.24701583273304278,E,0.7,0.243,0.1,Ssym,0.11805455813089044,-0.018054558130890436,0.4302016381477871
SimBa-SYM,reverse,56,239L,t4 lysozyme gene,A,17,A,0.1306993321513395,I,-2.9,0.7809999999999999,2.7,Ssym,2.03288088702254,0.6671191129774603,0.4302016381477871
SimBa-SYM,reverse,57,253L,t4 lysozyme gene,A,20,A,0.28763151257535835,D,4.9,0.225,0.3,Ssym,-0.7798794292898448,1.0798794292898448,0.4302016381477871
SimBa-SYM,reverse,58,255L,t4 lysozyme gene,A,20,N,0.33098330923961494,D,1.4,-0.03,-1.3,Ssym,-0.2793119619953858,-1.0206880380046142,0.4302016381477871
SimBa-SYM,reverse,59,254L,t4 lysozyme gene,A,20,S,0.29206700864123747,D,3.8,0.221,-0.7,Ssym,-0.5431128044871254,-0.15688719551287456,0.4302016381477871
SimBa-SYM,reverse,60,240L,t4 lysozyme gene,A,27,A,5.065530762279474e-4,I,-2.9,0.7809999999999999,3.1,Ssym,2.5027865489396106,0.5972134510603895,0.4302016381477871
SimBa-SYM,reverse,61,1D2W,gene e,A,27,M,0,I,-0.5,0.038,3.1,Ssym,0.2731335619918564,2.826866438008144,0.4302016381477871
SimBa-SYM,reverse,62,241L,t4 lysozyme gene,A,29,A,0.02453155613357397,I,-2.9,0.7809999999999999,2.6,Ssym,2.4160729458932497,0.18392705410675037,0.4302016381477871
SimBa-SYM,reverse,63,1L61,NA,A,38,N,0.5586989124544571,S,-2.4,-0.251,-0,Ssym,-0.12359127460009495,0.12359127460009495,0.4302016381477871
SimBa-SYM,reverse,64,120L,NA,A,41,S,0.371187058605482,A,-1.1,-0.004,0.6,Ssym,0.1591372138060279,0.44086278619397207,0.4302016381477871
SimBa-SYM,reverse,65,1QTB,NA,A,42,V,0,A,2.2,-0.514,2.7,Ssym,-1.77119305903882,4.4711930590388205,0.4302016381477871
SimBa-SYM,reverse,66,206L,t4 lysozyme gene,A,42,S,0,A,-1.1,-0.004,2.3,Ssym,0.4570647941743,1.8429352058256998,0.4302016381477871
SimBa-SYM,reverse,67,1L66,NA,A,43,A,0.27453785113535434,K,3.2,0.8,1,Ssym,0.19747605264377244,0.8025239473562276,0.4302016381477871
SimBa-SYM,reverse,68,1L68,NA,A,44,A,0.5448968777424188,S,1.1,0.004,-0.3,Ssym,-0.019711700707297792,-0.2802882992927022,0.4302016381477871
SimBa-SYM,reverse,69,108L,NA,A,44,I,0.646153910461475,S,4,-0.777,-0.3,Ssym,-0.11088655686758886,-0.18911344313241113,0.4302016381477871
SimBa-SYM,reverse,70,110L,NA,A,44,L,0.6469094238599739,S,4.3,-0.777,-0.4,Ssym,-0.09105840192891812,-0.3089415980710819,0.4302016381477871
SimBa-SYM,reverse,71,109L,NA,A,44,K,0.6068587606086976,S,-2.1,-0.7959999999999999,-0.2,Ssym,-0.44915336401544736,0.24915336401544735,0.4302016381477871
SimBa-SYM,reverse,72,217L,NA,A,44,E,0.5664811820695851,S,-3.1,-0.494,-0,Ssym,-0.26997280364865517,0.26997280364865517,0.4302016381477871
SimBa-SYM,reverse,73,107L,NA,A,44,G,0.4762335104575478,S,0.2,0.289,0.5,Ssym,0.20071438101657135,0.29928561898342865,0.4302016381477871
SimBa-SYM,reverse,74,113L,NA,A,44,R,0.6425875380290718,S,-1.3,-0.8440000000000001,-0.2,Ssym,-0.429944722677275,0.229944722677275,0.4302016381477871
SimBa-SYM,reverse,75,111L,NA,A,44,N,0.6707543182918633,S,-2.4,-0.251,0.1,Ssym,-0.26860770388946775,0.36860770388946773,0.4302016381477871
SimBa-SYM,reverse,76,137L,NA,A,44,F,0.6359407200250922,S,4,-1.0090000000000001,-0.1,Ssym,-0.2585291250142947,0.1585291250142947,0.4302016381477871
SimBa-SYM,reverse,77,112L,NA,A,44,P,0.5281501422709299,S,1.2,-0.237,3,Ssym,-0.19197118657109125,3.191971186571091,0.4302016381477871
SimBa-SYM,reverse,78,114L,NA,A,44,T,0.6254706100362132,S,0.6,-0.271,-0,Ssym,-0.10166430297355239,0.10166430297355239,0.4302016381477871
SimBa-SYM,reverse,79,115L,NA,A,44,V,0.6489604764093635,S,3.3,-0.51,-0.1,Ssym,-0.026549339898116586,-0.07345066010188342,0.4302016381477871
SimBa-SYM,reverse,80,1L67,NA,A,46,A,0.008339583944034643,L,-3.2,0.7809999999999999,1.9,Ssym,2.59911721870756,-0.6991172187075603,0.4302016381477871
SimBa-SYM,reverse,81,1L65,NA,A,47,A,0.23509916920386498,D,4.9,0.225,1,Ssym,-0.9471696627926387,1.9471696627926387,0.4302016381477871
SimBa-SYM,reverse,82,221L,NA,A,49,S,0.4302501811274439,A,-1.1,-0.004,0.5,Ssym,0.11173110743995048,0.38826889256004954,0.4302016381477871
SimBa-SYM,reverse,83,242L,t4 lysozyme gene,A,50,A,0.26969066330612107,I,-2.9,0.7809999999999999,2,Ssym,1.5312185526672542,0.46878144733274585,0.4302016381477871
SimBa-SYM,reverse,84,1D2Y,gene e,A,50,M,0.1981925617548566,I,-0.5,0.038,0.4,Ssym,0.1859383694933286,0.21406163050667143,0.4302016381477871
SimBa-SYM,reverse,85,243L,t4 lysozyme gene,A,58,A,0.025303893590214708,I,-2.9,0.7809999999999999,3.2,Ssym,2.4132853431831425,0.7867146568168577,0.4302016381477871
SimBa-SYM,reverse,86,1G1V,gene e,A,58,T,0.0344696269992957,I,-3.4,0.506,3.4,Ssym,2.1446159802217855,1.2553840197782145,0.4302016381477871
SimBa-SYM,reverse,87,1LYJ,NA,A,59,A,0.40819319918065616,T,0.5,0.275,1.5,Ssym,0.1793307011631353,1.3206692988368647,0.4302016381477871
SimBa-SYM,reverse,88,1LYI,NA,A,59,D,0.5147760086566309,T,-4.4,0.05,1.2,Ssym,0.21982027747197977,0.9801797225280202,0.4302016381477871
SimBa-SYM,reverse,89,1LYH,NA,A,59,G,0.3365517297268382,T,-0.4,0.56,1.6,Ssym,0.6333454036234939,0.9666545963765062,0.4302016381477871
SimBa-SYM,reverse,90,1LYG,NA,A,59,N,0.513261920043534,T,-3,0.02,1.1,Ssym,0.1438286674013355,0.9561713325986646,0.4302016381477871
SimBa-SYM,reverse,91,1LYF,NA,A,59,S,0.434511121313714,T,-0.6,0.271,0.2,Ssym,0.2836801859674042,-0.08368018596740417,0.4302016381477871
SimBa-SYM,reverse,92,1LYE,NA,A,59,V,0.550034642415362,T,2.7,-0.239,1.5,Ssym,-0.18860479472467367,1.6886047947246736,0.4302016381477871
SimBa-SYM,reverse,93,1D3J,gene e,A,66,M,0.04241356490441966,L,-0.8,0.038,1,Ssym,0.3715471824864333,0.6284528175135666,0.4302016381477871
SimBa-SYM,reverse,94,246L,t4 lysozyme gene,A,67,A,0.0628259931777855,F,-2.9,1.013,1.9,Ssym,2.631276393389013,-0.7312763933890132,0.4302016381477871
SimBa-SYM,reverse,95,1L76,NA,A,72,P,0.34999794490633523,D,5,-0.016,2.7,Ssym,-0.8342090652921921,3.5342090652921923,0.4302016381477871
SimBa-SYM,reverse,96,122L,NA,A,73,S,0.4625510457518803,A,-1.1,-0.004,0.4,Ssym,0.08580531552922106,0.314194684470779,0.4302016381477871
SimBa-SYM,reverse,97,127L,NA,A,75,T,0.24019550614550886,V,-2.7,0.239,1.3,Ssym,0.9444588381875029,0.3555411618124972,0.4302016381477871
SimBa-SYM,reverse,98,1CTW,NA,A,78,A,0,I,-2.9,0.7809999999999999,1.2,Ssym,2.504614854320846,-1.3046148543208462,0.4302016381477871
SimBa-SYM,reverse,99,1CU0,NA,A,78,M,4.7300666399298895e-4,I,-0.5,0.038,1.5,Ssym,0.27292546181516575,1.2270745381848343,0.4302016381477871
SimBa-SYM,reverse,100,1P2R,NA,A,78,V,0,I,-0.7,0.267,0.8,Ssym,0.7334217952820262,0.06657820471797382,0.4302016381477871
SimBa-SYM,reverse,101,123L,NA,A,82,S,0.799059245826037,A,-1.1,-0.004,0.3,Ssym,-0.18428781271405786,0.48428781271405785,0.4302016381477871
SimBa-SYM,reverse,102,247L,t4 lysozyme gene,A,84,A,0.05896758973840849,L,-3.2,0.7809999999999999,2.6,Ssym,2.40519853935333,0.19480146064667014,0.4302016381477871
SimBa-SYM,reverse,103,1CU2,NA,A,84,M,0,L,-0.8,0.038,1.9,Ssym,0.3995787429959032,1.5004212570040967,0.4302016381477871
SimBa-SYM,reverse,104,236L,t4 lysozyme gene,A,87,A,0.0020280040114151257,V,-2.2,0.514,1.7,Ssym,1.765940457586919,-0.06594045758691913,0.4302016381477871
SimBa-SYM,reverse,105,1CU3,NA,A,87,M,0.003994119713100921,V,0.2,-0.22899999999999998,2.3,Ssym,-0.4579743610282725,2.757974361028272,0.4302016381477871
SimBa-SYM,reverse,106,1P2L,NA,A,87,I,0.043920664608070495,V,0.7,-0.267,0.3,Ssym,-0.6886547092437547,0.9886547092437548,0.4302016381477871
SimBa-SYM,reverse,107,128L,NA,A,87,T,0,V,-2.7,0.239,1.6,Ssym,1.530416915425238,0.06958308457476203,0.4302016381477871
SimBa-SYM,reverse,108,1CU6,NA,A,91,A,0.12072122234383702,L,-3.2,0.7809999999999999,3.9,Ssym,2.1686657608589854,1.7313342391410145,0.4302016381477871
SimBa-SYM,reverse,109,1CU5,NA,A,91,M,0.0376005738166221,L,-0.8,0.038,0.8,Ssym,0.3747281377117999,0.42527186228820013,0.4302016381477871
SimBa-SYM,reverse,110,1L55,NA,A,92,N,0.5053859466356377,D,1.4,-0.03,1.4,Ssym,-0.08960814040909312,1.489608140409093,0.4302016381477871
SimBa-SYM,reverse,111,224L,NA,A,93,S,0.763627085435331,A,-1.1,-0.004,0.2,Ssym,-0.1558487344442431,0.35584873444424314,0.4302016381477871
SimBa-SYM,reverse,112,1QSB,NA,A,98,C,0,A,2.6,-0.19899999999999998,1,Ssym,-1.4225931600185082,2.422593160018508,0.4302016381477871
SimBa-SYM,reverse,113,1QS5,NA,A,98,L,0,A,3.2,-0.7809999999999999,4.3,Ssym,-2.631060035324893,6.931060035324893,0.4302016381477871
SimBa-SYM,reverse,114,125L,NA,A,98,S,0,A,-1.1,-0.004,2.5,Ssym,0.4570647941743,2.0429352058257,0.4302016381477871
SimBa-SYM,reverse,115,1QS9,NA,A,98,V,0,A,2.2,-0.514,3.2,Ssym,-1.77119305903882,4.9711930590388205,0.4302016381477871
SimBa-SYM,reverse,116,1L90,NA,A,99,A,0.14004133482418288,L,-3.2,0.7809999999999999,4.5,Ssym,2.09466460994697,2.40533539005303,0.4302016381477871
SimBa-SYM,reverse,117,1L91,NA,A,99,F,0.001096240480821878,L,-0.3,-0.23199999999999998,0.3,Ssym,-0.2542343449717539,0.554234344971754,0.4302016381477871
SimBa-SYM,reverse,118,1L92,NA,A,99,I,0.002403913812490525,L,-0.3,0,1.5,Ssym,0.12591401611385472,1.3740859838861452,0.4302016381477871
SimBa-SYM,reverse,119,1L93,NA,A,99,M,0.006461254666460122,L,-0.8,0.038,0.6,Ssym,0.3953084334485183,0.20469156655148169,0.4302016381477871
SimBa-SYM,reverse,120,1L94,NA,A,99,V,0.013015902524696924,L,-1,0.267,2,Ssym,0.8437242638350958,1.156275736164904,0.4302016381477871
SimBa-SYM,reverse,121,244L,t4 lysozyme gene,A,100,A,0.028113214887363472,I,-2.9,0.7809999999999999,3.4,Ssym,2.4031456411731504,0.9968543588268495,0.4302016381477871
SimBa-SYM,reverse,122,1CUP,NA,A,100,M,0.07766237940804789,I,-0.5,0.038,1.6,Ssym,0.2389658512441926,1.3610341487558075,0.4302016381477871
SimBa-SYM,reverse,123,1P36,NA,A,100,V,0.028019517567286597,I,-0.7,0.267,0.4,Ssym,0.70486229681179835,-0.30486229681179833,0.4302016381477871
SimBa-SYM,reverse,124,1I6S,gene e,A,101,A,0.02405217788207618,N,3.5,0.255,1.5,Ssym,-1.0060811267749568,2.5060811267749568,0.4302016381477871
SimBa-SYM,reverse,125,1L77,NA,A,102,L,0.0075018225933205646,M,0.8,-0.038,1,Ssym,-0.3946207114220455,1.3946207114220455,0.4302016381477871
SimBa-SYM,reverse,126,238L,t4 lysozyme gene,A,103,A,0.05514018901151222,V,-2.2,0.514,2.2,Ssym,1.6283780373575503,0.5716219626424499,0.4302016381477871
SimBa-SYM,reverse,127,1P7S,NA,A,103,I,0.09008339881392687,V,0.7,-0.267,0.5,Ssym,-0.6416023453417818,1.1416023453417818,0.4302016381477871
SimBa-SYM,reverse,128,1CUQ,NA,A,103,M,0.05226562226917211,V,0.2,-0.22899999999999998,1.2,Ssym,-0.43000972831127154,1.6300097283112716,0.4302016381477871
SimBa-SYM,reverse,129,1CV0,NA,A,104,M,0.17702143958458327,F,-0.5,0.27,0.4,Ssym,0.49869211488632237,-0.09869211488632235,0.4302016381477871
SimBa-SYM,reverse,130,1G1W,gene e,A,105,M,0.34329074699745027,Q,4.8,-0.191,1.2,Ssym,-0.999378650329793,2.199378650329793,0.4302016381477871
SimBa-SYM,reverse,131,1P46,NA,A,106,I,0.2956959355453011,M,0.5,-0.038,-0.2,Ssym,-0.1430415757305557,-0.05695842426944431,0.4302016381477871
SimBa-SYM,reverse,132,234L,t4 lysozyme,A,106,L,0.3247917271225177,M,0.8,-0.038,-0.5,Ssym,-0.18492055587281714,-0.31507944412718286,0.4302016381477871
SimBa-SYM,reverse,133,231L,t4 lysozyme,A,106,K,0.3072857897197079,M,-5.6,-0.057,3.4,Ssym,1.0323481282324218,2.367651871767578,0.4302016381477871
SimBa-SYM,reverse,134,1L62,NA,A,109,D,0.8958830957161676,T,-4.4,0.05,-0.6,Ssym,-1.0511905566978483,0.45119055669784836,0.4302016381477871
SimBa-SYM,reverse,135,1L59,NA,A,109,N,0.8751360488494341,T,-3,0.02,-0.1,Ssym,-0.6694162165820055,0.5694162165820055,0.4302016381477871
SimBa-SYM,reverse,136,235L,t4 lysozyme gene,A,111,A,0.004216659990086995,V,-2.2,0.514,1.3,Ssym,1.7602717619104935,-0.46027176191049346,0.4302016381477871
SimBa-SYM,reverse,137,2L78,NA,A,111,I,0.011048808283302318,V,0.7,-0.267,0.9,Ssym,-0.7221600587975543,1.6221600587975544,0.4302016381477871
SimBa-SYM,reverse,138,1CV1,NA,A,111,M,0.016221625753500155,V,0.2,-0.22899999999999998,0.7,Ssym,-0.45089072581166645,1.1508907258116663,0.4302016381477871
SimBa-SYM,reverse,139,1TLA,NA,A,117,F,0.0010208514410175646,S,4,-1.0090000000000001,-1.1,Ssym,-3.3376460101721404,2.2376460101721403,0.4302016381477871
SimBa-SYM,reverse,140,1CVK,gene e,A,118,A,0.20757672613690814,L,-3.2,0.7809999999999999,3.2,Ssym,1.835986163353085,1.3640138366469152,0.4302016381477871
SimBa-SYM,reverse,141,1CV4,gene e,A,118,M,0.05887736163711596,L,-0.8,0.038,0.7,Ssym,0.3606660901904142,0.3393339098095858,0.4302016381477871
SimBa-SYM,reverse,142,233L,t4 lysozyme,A,120,L,0.10915902072278948,M,0.8,-0.038,-0.5,Ssym,-0.3274344254540761,-0.17256557454592392,0.4302016381477871
SimBa-SYM,reverse,143,232L,t4 lysozyme,A,120,K,0.26732421797274447,M,-5.6,-0.057,1.6,Ssym,1.192874738513658,0.4071252614863421,0.4302016381477871
SimBa-SYM,reverse,144,1P6Y,NA,A,120,Y,0.19806226041224193,M,-0.5,-0.307,0.1,Ssym,-0.2515452844549203,0.3515452844549203,0.4302016381477871
SimBa-SYM,reverse,145,1CV3,gene e,A,121,M,0.009672304494978539,L,-0.8,0.038,0.8,Ssym,0.39318621764869394,0.4068137823513061,0.4302016381477871
SimBa-SYM,reverse,146,1QTC,NA,A,129,F,0.015074984491873809,A,2.9,-1.013,1.2,Ssym,-2.8245237865925823,4.0245237865925825,0.4302016381477871
SimBa-SYM,reverse,147,1QTD,NA,A,129,W,0.003347544289010142,A,2.7,-1.392,2.2,Ssym,-3.4080614135070957,5.608061413507096,0.4302016381477871
SimBa-SYM,reverse,148,118L,NA,A,130,S,0.08681613440482286,A,-1.1,-0.004,-1,Ssym,0.38738315991332156,-1.3873831599133215,0.4302016381477871
SimBa-SYM,reverse,149,1P64,NA,A,133,F,0,L,-0.3,-0.23199999999999998,0.3,Ssym,-0.25447191708049544,0.5544719170804955,0.4302016381477871
SimBa-SYM,reverse,150,1CV5,gene e,A,133,M,0.00782858110082444,L,-0.8,0.038,0.4,Ssym,0.39440475336957526,0.005595246630424766,0.4302016381477871
SimBa-SYM,reverse,151,119L,NA,A,134,S,0.2718529395075259,A,-1.1,-0.004,0.1,Ssym,0.2388662158408816,-0.1388662158408816,0.4302016381477871
SimBa-SYM,reverse,152,1L39,NA,A,144,E,0.6546767674294398,N,-0.7,-0.243,-0.5,Ssym,-0.1413499651122455,-0.3586500348877545,0.4302016381477871
SimBa-SYM,reverse,153,237L,t4 lysozyme gene,A,149,A,0.012667455735684726,V,-2.2,0.514,3.2,Ssym,1.7383839048090326,1.4616160951909676,0.4302016381477871
SimBa-SYM,reverse,154,1G07,NA,A,149,C,0.0020564327407347574,V,0.4,0.315,2,Ssym,0.34798370114742805,1.652016298852572,0.4302016381477871
SimBa-SYM,reverse,155,1G0P,NA,A,149,G,0.08977093903298636,V,-3.1,0.799,4.9,Ssym,2.278182556151112,2.6218174438488884,0.4302016381477871
SimBa-SYM,reverse,156,1G0Q,NA,A,149,I,0.0029325180341945576,V,0.7,-0.267,0.1,Ssym,-0.730432762936613,0.830432762936613,0.4302016381477871
SimBa-SYM,reverse,157,1CV6,gene e,A,149,M,0,V,0.2,-0.22899999999999998,2.8,Ssym,-0.4602882332901698,3.2602882332901695,0.4302016381477871
SimBa-SYM,reverse,158,126L,NA,A,149,T,0.004416367711322133,V,-2.7,0.239,2.8,Ssym,1.5196431654328737,1.2803568345671261,0.4302016381477871
SimBa-SYM,reverse,159,1G06,NA,A,149,S,0.009230758056765641,V,-3.3,0.51,4.4,Ssym,2.196940940493905,2.2030590595060953,0.4302016381477871
SimBa-SYM,reverse,160,1G0G,NA,A,152,A,0.007311780128239342,T,0.5,0.275,1.5,Ssym,0.23967549919818798,1.260324500801812,0.4302016381477871
SimBa-SYM,reverse,161,1G0K,NA,A,152,C,8.032824084180221e-4,T,3.1,0.076,0.5,Ssym,-1.1800981039660745,1.6800981039660745,0.4302016381477871
SimBa-SYM,reverse,162,1G0M,NA,A,152,I,8.759869191087196e-4,T,3.4,-0.506,0.4,Ssym,-2.2608088678729388,2.6608088678729387,0.4302016381477871
SimBa-SYM,reverse,163,1G0J,NA,A,152,S,0.0016411595989744906,T,-0.6,0.271,2,Ssym,0.6962766420540615,1.3037233579459384,0.4302016381477871
SimBa-SYM,reverse,164,1G0L,NA,A,152,V,8.400416433376794e-4,T,2.7,-0.239,-0.2,Ssym,-1.5283676298493807,1.3283676298493807,0.4302016381477871
SimBa-SYM,reverse,165,1L85,NA,A,153,A,0.04461945393111395,F,-2.9,1.013,3.8,Ssym,2.704957899717398,1.0950421002826016,0.4302016381477871
SimBa-SYM,reverse,166,1L86,NA,A,153,I,8.660052539833518e-4,F,0,0.23199999999999998,0.2,Ssym,0.38053807036325277,-0.18053807036325276,0.4302016381477871
SimBa-SYM,reverse,167,1L87,NA,A,153,L,0.014941009939452327,F,0.3,0.23199999999999998,-0.3,Ssym,0.25123397130113284,-0.5512339713011328,0.4302016381477871
SimBa-SYM,reverse,168,1L88,NA,A,153,M,0.011550216535624885,F,-0.5,0.27,0.6,Ssym,0.6439138944856543,-0.0439138944856543,0.4302016381477871
SimBa-SYM,reverse,169,1L95,NA,A,153,V,0.0026208788860547123,F,-0.7,0.499,1.8,Ssym,1.1105204162020241,0.6894795837979759,0.4302016381477871
SimBa-SYM,reverse,170,1OUG,human lysozyme with val 2 repl,A,2,A,0.7478157067445448,V,-2.2,0.514,1.5,Ssym,-0.16567582528833724,1.6656758252883372,0.4302016381477871
SimBa-SYM,reverse,171,1GAY,NA,A,2,G,0.7285818450087206,V,-3.1,0.799,1.3,Ssym,-0.14327468564894152,1.4432746856489416,0.4302016381477871
SimBa-SYM,reverse,172,1GF8,NA,A,2,S,0.6503156593956118,V,-3.3,0.51,1.4,Ssym,0.021951651708488784,1.3780483482915111,0.4302016381477871
SimBa-SYM,reverse,173,1GF9,NA,A,2,Y,0.7078918599622792,V,-0.3,-0.536,0.4,Ssym,-0.1942152192272555,0.5942152192272555,0.4302016381477871
SimBa-SYM,reverse,174,1GFA,NA,A,2,D,0.7287949605325391,V,-7.1,0.289,1.4,Ssym,-0.7414252775051005,2.1414252775051006,0.4302016381477871
SimBa-SYM,reverse,175,1GFE,NA,A,2,N,0.6632000655345712,V,-5.7,0.259,1.3,Ssym,-0.2805922546604799,1.58059225466048,0.4302016381477871
SimBa-SYM,reverse,176,1GFG,NA,A,2,R,0.7889923679788823,V,-4.6,-0.33399999999999996,0.4,Ssym,-0.7855482663440664,1.1855482663440664,0.4302016381477871
SimBa-SYM,reverse,177,1GB0,NA,A,2,L,0.6222359473380938,V,1,-0.267,-0.3,Ssym,-0.0881513034403934,-0.2118486965596066,0.4302016381477871
SimBa-SYM,reverse,178,1GB2,NA,A,2,M,0.7817452551675094,V,0.2,-0.22899999999999998,0.2,Ssym,-0.007407801121645019,0.20740780112164503,0.4302016381477871
SimBa-SYM,reverse,179,1GB3,NA,A,2,F,0.6999005535483265,V,0.7,-0.499,0.8,Ssym,-0.0946220741742052,0.8946220741742053,0.4302016381477871
SimBa-SYM,reverse,180,1WQN,NA,A,20,F,0.22651298585629168,Y,1,0.037000000000000005,0.5,Ssym,-0.2097120148097352,0.7097120148097352,0.4302016381477871
SimBa-SYM,reverse,181,2HEB,human lysozyme with ile 23 rep,A,23,A,0.09603276959436523,I,-2.9,0.7809999999999999,2.5,Ssym,2.158003141424425,0.34199685857557505,0.4302016381477871
SimBa-SYM,reverse,182,1YAN,human lysozyme with ile 23,A,23,V,0.0724377646325883,I,-0.7,0.267,0.4,Ssym,0.6595880391067777,-0.25958803910677763,0.4302016381477871
SimBa-SYM,reverse,183,1WQO,NA,A,38,F,0.1099360932105588,Y,1,0.037000000000000005,0.2,Ssym,-0.2874369194523803,0.4874369194523803,0.4302016381477871
SimBa-SYM,reverse,184,1WQP,NA,A,45,F,0.5812984888948608,Y,1,0.037000000000000005,-0.1,Ssym,0.026832885010726934,-0.12683288501072693,0.4302016381477871
SimBa-SYM,reverse,185,1LHL,NA,A,47,P,0.7716655738518028,A,0.1,-0.24100000000000002,-0.1,Ssym,-0.030167505150471452,-0.06983249484952855,0.4302016381477871
SimBa-SYM,reverse,186,1WQQ,NA,A,54,F,0.10144403302248708,Y,1,0.037000000000000005,1,Ssym,-0.2930988010942533,1.2930988010942532,0.4302016381477871
SimBa-SYM,reverse,187,2HEC,human lysozyme with ile 56 rep,A,56,A,0.0378927839698748,I,-2.9,0.7809999999999999,3.7,Ssym,2.367848177553221,1.3321518224467792,0.4302016381477871
SimBa-SYM,reverse,188,1OUA,human lysozyme with ile 56 rep,A,56,T,0.00916925523319909,I,-3.4,0.506,4.3,Ssym,2.232124307605583,2.067875692394417,0.4302016381477871
SimBa-SYM,reverse,189,1YAO,human lysozyme with ile 56,A,56,V,0.009396725880145593,I,-0.7,0.267,1.2,Ssym,0.7238439794700762,0.4761560205299238,0.4302016381477871
SimBa-SYM,reverse,190,2HED,human lysozyme with ile 59 rep,A,59,A,0.07940909616584739,I,-2.9,0.7809999999999999,1.7,Ssym,2.2180030763011067,-0.5180030763011068,0.4302016381477871
SimBa-SYM,reverse,191,2HEE,human lysozyme with ile 59 rep,A,59,G,0.12455956319667028,I,-3.8,1.0659999999999998,3.8,Ssym,2.7527756228612397,1.0472243771387602,0.4302016381477871
SimBa-SYM,reverse,192,1YAP,human lysozyme with ile 59,A,59,V,0.04015065877715672,I,-0.7,0.267,1.1,Ssym,0.6924973691147597,0.4075026308852404,0.4302016381477871
SimBa-SYM,reverse,193,1WQR,NA,A,63,F,0.5184445036497664,Y,1,0.037000000000000005,0.2,Ssym,-0.015073533137089465,0.2150735331370895,0.4302016381477871
SimBa-SYM,reverse,194,1LHI,NA,A,71,G,0.6411089976225091,P,-1,0.526,1.6,Ssym,0.17674017032209532,1.4232598296779049,0.4302016381477871
SimBa-SYM,reverse,195,1OUH,human lysozyme with val 74 rep,A,74,A,0.5357445184982205,V,-2.2,0.514,0.4,Ssym,0.38359598335649914,0.016404016643500885,0.4302016381477871
SimBa-SYM,reverse,196,1GB5,NA,A,74,G,0.4197340055993211,V,-3.1,0.799,0.1,Ssym,1.0274345654867902,-0.9274345654867903,0.4302016381477871
SimBa-SYM,reverse,197,1GB6,NA,A,74,I,0.6284777021698665,V,0.7,-0.267,1.9,Ssym,-0.09283232294048688,1.9928323229404867,0.4302016381477871
SimBa-SYM,reverse,198,1GB7,NA,A,74,L,0.6428615438373698,V,1,-0.267,0.4,Ssym,-0.06257082042848278,0.4625708204284828,0.4302016381477871
SimBa-SYM,reverse,199,1GB8,NA,A,74,M,0.6888655650502014,V,0.2,-0.22899999999999998,0.4,Ssym,-0.06121483598620836,0.4612148359862084,0.4302016381477871
SimBa-SYM,reverse,200,1GB9,NA,A,74,F,0.6829732336939671,V,0.7,-0.499,-0,Ssym,-0.11928425321068348,0.11928425321068348,0.4302016381477871
SimBa-SYM,reverse,201,1GFH,NA,A,74,Y,0.7079158935217803,V,-0.3,-0.536,0.3,Ssym,-0.1941962274570137,0.4941962274570137,0.4302016381477871
SimBa-SYM,reverse,202,1GFJ,NA,A,74,D,0.6653729719165462,V,-7.1,0.289,0.4,Ssym,-0.37519159146616443,0.7751915914661645,0.4302016381477871
SimBa-SYM,reverse,203,1GFK,NA,A,74,N,0.6873199590752455,V,-5.7,0.259,0.3,Ssym,-0.3936378297320113,0.6936378297320113,0.4302016381477871
SimBa-SYM,reverse,204,1GFR,NA,A,74,R,0.8216539818803973,V,-4.6,-0.33399999999999996,0.1,Ssym,-0.8756266856353284,0.9756266856353284,0.4302016381477871
SimBa-SYM,reverse,205,1B7S,NA,A,74,S,0.58932748127565,V,-3.3,0.51,0.4,Ssym,0.22886439271428938,0.17113560728571064,0.4302016381477871
SimBa-SYM,reverse,206,1HNL,NA,A,77,A,0.29864469841995706,C,-2.6,0.19899999999999998,4.6,Ssym,0.738580038891505,3.8614199611084947,0.4302016381477871
SimBa-SYM,reverse,207,2HEF,human lysozyme with ile 89 rep,A,89,A,0.06458004632861182,I,-2.9,0.7809999999999999,2.7,Ssym,2.2715256643345585,0.4284743356654417,0.4302016381477871
SimBa-SYM,reverse,208,1YAQ,human lysozyme with ile 89,A,89,V,0.04262186618462521,I,-0.7,0.267,0.5,Ssym,0.6899785375894228,-0.18997853758942285,0.4302016381477871
SimBa-SYM,reverse,209,1LHK,NA,A,91,P,0.2566571756075851,D,5,-0.016,0.4,Ssym,-1.1807669118576027,1.5807669118576029,0.4302016381477871
SimBa-SYM,reverse,210,1OUI,human lysozyme with val 93 rep,A,93,A,0.01442162627154321,V,-2.2,0.514,0.7,Ssym,1.7338405416540936,-1.0338405416540937,0.4302016381477871
SimBa-SYM,reverse,211,1OUJ,human lysozyme with val 99 rep,A,99,A,0.02644963678211105,V,-2.2,0.514,1,Ssym,1.7026875729638584,-0.7026875729638584,0.4302016381477871
SimBa-SYM,reverse,212,1OUB,human lysozyme with val 100,A,100,A,0.027834134279691745,V,-2.2,0.514,0.3,Ssym,1.6991016759315982,-1.3991016759315982,0.4302016381477871
SimBa-SYM,reverse,213,1LHJ,NA,A,103,G,1.1977036306963165,P,-1,0.526,0.1,Ssym,-0.7855228028971541,0.8855228028971541,0.4302016381477871
SimBa-SYM,reverse,214,2HEA,human lysozyme with ile 106,A,106,A,0.07809907695480586,I,-2.9,0.7809999999999999,0.9,Ssym,2.2227313373372537,-1.3227313373372538,0.4302016381477871
SimBa-SYM,reverse,215,1YAM,human lysozyme with ile 106,A,106,V,0.08452974933648232,I,-0.7,0.267,0.7,Ssym,0.6472630225241913,0.05273697747580863,0.4302016381477871
SimBa-SYM,reverse,216,1OUC,human lysozyme with val 110,A,110,A,0.5253642957199253,V,-2.2,0.514,-0.5,Ssym,0.4104811240807925,-0.9104811240807925,0.4302016381477871
SimBa-SYM,reverse,217,1GFU,NA,A,110,D,0.5726691180247416,V,-7.1,0.289,-0.2,Ssym,0.16013180128297266,-0.3601318012829727,0.4302016381477871
SimBa-SYM,reverse,218,1GBO,NA,A,110,G,0.50285588474132,V,-3.1,0.799,2.2,Ssym,0.7123552919214957,1.4876447080785045,0.4302016381477871
SimBa-SYM,reverse,219,1GBW,NA,A,110,I,0.579472775354752,V,0.7,-0.267,0.8,Ssym,-0.14278165304757995,0.94278165304758,0.4302016381477871
SimBa-SYM,reverse,220,1GBX,NA,A,110,L,0.6615535263497261,V,1,-0.267,-0.1,Ssym,-0.03938846344147173,-0.06061153655852827,0.4302016381477871
SimBa-SYM,reverse,221,1GBY,NA,A,110,M,0.6719209542880257,V,0.2,-0.22899999999999998,-0.4,Ssym,-0.07103118292809962,-0.3289688170719004,0.4302016381477871
SimBa-SYM,reverse,222,1GFV,NA,A,110,N,0.6674627917421165,V,-5.7,0.259,-0.1,Ssym,-0.3005708807971094,0.2005708807971094,0.4302016381477871
SimBa-SYM,reverse,223,1INU,NA,A,110,R,0.8116493191940616,V,-4.6,-0.33399999999999996,-0.9,Ssym,-0.8480345340948436,-0.05196546590515638,0.4302016381477871
SimBa-SYM,reverse,224,1GBZ,NA,A,110,F,0.7419429253136083,V,0.7,-0.499,1.9,Ssym,-0.03336863839615245,1.9333686383961524,0.4302016381477871
SimBa-SYM,reverse,225,1LHH,NA,A,110,P,0.5831047344845279,V,-2.1,0.273,-0.5,Ssym,0.13114618544699197,-0.631146185446992,0.4302016381477871
SimBa-SYM,reverse,226,1GFT,NA,A,110,Y,0.769504991350972,V,-0.3,-0.536,0.1,Ssym,-0.14552736526400656,0.24552736526400656,0.4302016381477871
SimBa-SYM,reverse,227,1OUD,human lysozyme with val 121,A,121,A,0.11692158779068249,V,-2.2,0.514,1.4,Ssym,1.4683620496665355,-0.06836204966653558,0.4302016381477871
SimBa-SYM,reverse,228,1WQM,NA,A,124,F,0.09317111890853447,Y,1,0.037000000000000005,0.4,Ssym,-0.2986145722392075,0.6986145722392075,0.4302016381477871
SimBa-SYM,reverse,229,1OUE,human lysozyme with val 125,A,125,A,0.10218719057915726,V,-2.2,0.514,1.3,Ssym,1.506524654745475,-0.20652465474547488,0.4302016381477871
SimBa-SYM,reverse,230,1OUF,human lysozyme with val 130,A,130,A,0.5254920489225808,V,-2.2,0.514,0.8,Ssym,0.4101502388093746,0.3898497611906254,0.4302016381477871
SimBa-SYM,reverse,231,1DMQ,NA,A,32,F,1.4854151764167635e-4,Y,1,0.037000000000000005,-0.2,Ssym,-0.3606351905043733,0.1606351905043733,0.4302016381477871
SimBa-SYM,reverse,232,1DMM,NA,A,57,F,0.05730957261872321,Y,1,0.037000000000000005,1.2,Ssym,-0.32252441579786073,1.5225244157978608,0.4302016381477871
SimBa-SYM,reverse,233,1RGC,NA,A,25,K,0.5462325457132872,Q,-0.8,-0.248,-1.4,Ssym,-0.1362931933106914,-1.2637068066893085,0.4302016381477871
SimBa-SYM,reverse,234,1VQG,NA,A,47,L,0.012983273213123377,I,0.3,0,0.4,Ssym,-0.12357641804975544,0.5235764180497555,0.4302016381477871
SimBa-SYM,reverse,235,1VQH,NA,A,47,M,0.020840688239169597,I,-0.5,0.038,1.7,Ssym,0.26396466177316963,1.4360353382268303,0.4302016381477871
SimBa-SYM,reverse,236,1VQI,NA,A,47,V,0.021455823154214213,I,-0.7,0.267,2,Ssym,0.7115524841106705,1.2884475158893296,0.4302016381477871
SimBa-SYM,reverse,237,1VQJ,NA,A,35,I,0.06321117458807277,V,0.7,-0.267,0.6,Ssym,-0.6689924402935209,1.2689924402935209,0.4302016381477871
SimBa-SYM,reverse,238,1YHB,NA,A,41,F,0.834707661274019,Y,1,0.037000000000000005,3.2,Ssym,0.1957874978137697,3.0042125021862303,0.4302016381477871
SimBa-SYM,reverse,239,149L,NA,A,3,L,0.138220812305785,I,0.3,0,-0.7,Ssym,-0.09590413489449662,-0.6040958651055033,0.4302016381477871
SimBa-SYM,reverse,240,172L,NA,A,3,C,0.13723321798019703,I,-0.3,0.5820000000000001,-0,Ssym,0.9010226530351495,-0.9010226530351495,0.4302016381477871
SimBa-SYM,reverse,241,1L96,NA,A,3,P,0.2260300788938689,I,-2.8,0.54,3,Ssym,1.370373410004111,1.629626589995889,0.4302016381477871
SimBa-SYM,reverse,242,1L18,NA,A,3,Y,0.3121261558464403,I,-1,-0.26899999999999996,2.3,Ssym,-0.09167624459492163,2.3916762445949216,0.4302016381477871
SimBa-SYM,reverse,243,1L17,NA,A,3,V,0.11887756066752712,I,-0.7,0.267,0.4,Ssym,0.6122532739512916,-0.21225327395129157,0.4302016381477871
SimBa-SYM,reverse,244,150L,NA,A,6,I,0.022303285174763317,M,0.5,-0.038,1.4,Ssym,-0.2633211894843125,1.6633211894843125,0.4302016381477871
SimBa-SYM,reverse,245,1L42,NA,A,16,E,0.6365030199394691,K,-1,0.302,-0.5,Ssym,0.08589554366288082,-0.5858955436628808,0.4302016381477871
SimBa-SYM,reverse,246,1L19,NA,A,38,D,0.4896876011849182,S,-3.8,-0.221,-0.6,Ssym,0.07240344558672648,-0.6724034455867265,0.4302016381477871
SimBa-SYM,reverse,247,1L21,NA,A,55,G,0.6082868930348665,N,2.6,0.54,0.6,Ssym,0.335935865158276,0.264064134841724,0.4302016381477871
SimBa-SYM,reverse,248,1L56,NA,A,60,P,0.5142160415409464,K,3.3,0.5589999999999999,-0,Ssym,0.2344645557096,-0.2344645557096,0.4302016381477871
SimBa-SYM,reverse,249,1L23,NA,A,77,A,0.10732380045200857,G,0.9,-0.285,-0.4,Ssym,-0.7184265569386841,0.31842655693868405,0.4302016381477871
SimBa-SYM,reverse,250,1L24,NA,A,82,P,0.8137678070905174,A,0.1,-0.24100000000000002,-0.8,Ssym,-0.00792467598056501,-0.792075324019435,0.4302016381477871
SimBa-SYM,reverse,251,3C81,e,A,85,A,0.16807924544947797,K,3.2,0.8,0.6,Ssym,0.10723431933285527,0.4927656806671447,0.4302016381477871
SimBa-SYM,reverse,252,3C83,e,A,89,A,0.4984420654626313,D,4.9,0.225,0.5,Ssym,-0.10854926668943904,0.608549266689439,0.4302016381477871
SimBa-SYM,reverse,253,3C7Y,e,A,96,A,0.08614698004619466,R,2.4,0.848,2,Ssym,0.39521979719855554,1.6047802028014444,0.4302016381477871
SimBa-SYM,reverse,254,3C8Q,e,A,96,D,0.1236502643456707,R,-2.5,0.623,3.5,Ssym,1.7035971724928392,1.7964028275071608,0.4302016381477871
SimBa-SYM,reverse,255,3CDV,e,A,96,M,0.24900356234083715,R,4.8,0.105,2.7,Ssym,-1.0197382007187512,3.7197382007187514,0.4302016381477871
SimBa-SYM,reverse,256,3C8S,e,A,96,E,0.21178761205299326,R,-1.8,0.35,2.5,Ssym,0.9127131354856417,1.5872868645143583,0.4302016381477871
SimBa-SYM,reverse,257,3C8R,e,A,96,G,0.03742807681014269,R,1.5,1.133,2.6,Ssym,1.1893789702709483,1.4106210297290518,0.4302016381477871
SimBa-SYM,reverse,258,3CDR,e,A,96,Q,0.2006214758410773,R,0,0.29600000000000004,0.3,Ssym,0.3739683839899943,-0.07396838398999434,0.4302016381477871
SimBa-SYM,reverse,259,3F8V,gene e,A,96,H,0.22785482604913573,R,0.1,0.20199999999999999,3.1,Ssym,0.21946387476729312,2.880536125232707,0.4302016381477871
SimBa-SYM,reverse,260,3CDT,e,A,96,N,0.09286793095504901,R,-1.1,0.593,3,Ssym,1.2581375660184766,1.7418624339815234,0.4302016381477871
SimBa-SYM,reverse,261,3C7W,e,A,96,K,0.2500997117192618,R,-0.8,0.048,-0,Ssym,0.24598592367948247,-0.24598592367948247,0.4302016381477871
SimBa-SYM,reverse,262,3CDQ,e,A,96,S,0.09524810006518025,R,1.3,0.8440000000000001,2.6,Ssym,0.7773631946957531,1.822636805304247,0.4302016381477871
SimBa-SYM,reverse,263,3C80,e,A,96,Y,0.26257044474620317,R,4.3,-0.20199999999999999,4.7,Ssym,-1.2124027047051762,5.912402704705176,0.4302016381477871
SimBa-SYM,reverse,264,3CDO,e,A,96,V,0.14059220198653943,R,4.6,0.33399999999999996,2.4,Ssym,-1.002693496506268,3.402693496506268,0.4302016381477871
SimBa-SYM,reverse,265,3FI5,gene e,A,96,W,0.2511592954517414,R,5.1,-0.544,4.5,Ssym,-1.8415681602061005,6.3415681602061005,0.4302016381477871
SimBa-SYM,reverse,266,1L48,NA,A,98,V,0,A,2.2,-0.514,4.9,Ssym,-1.77119305903882,6.671193059038821,0.4302016381477871
SimBa-SYM,reverse,267,1L00,NA,A,105,A,0.40098122515206813,Q,2.4,0.552,0.6,Ssym,0.1859933917132076,0.41400660828679237,0.4302016381477871
SimBa-SYM,reverse,268,1L98,NA,A,105,E,0.3618628993998937,Q,-1.8,0.054000000000000006,1.1,Ssym,0.33072917925539214,0.769270820744608,0.4302016381477871
SimBa-SYM,reverse,269,1L99,NA,A,105,G,0.5927624108961291,Q,1.5,0.8370000000000001,1.5,Ssym,0.4609258085390041,1.0390741914609958,0.4302016381477871
SimBa-SYM,reverse,270,1L60,NA,A,113,A,0.7986941084395581,G,0.9,-0.285,-0.3,Ssym,0.11158743606289018,-0.41158743606289017,0.4302016381477871
SimBa-SYM,reverse,271,1L37,NA,A,115,E,0.6281567151082378,T,-3.7,-0.223,-0.3,Ssym,-0.2542105432964172,-0.04578945670358281,0.4302016381477871
SimBa-SYM,reverse,272,1L57,NA,A,116,D,0.495995415343752,N,-1.4,0.03,-0.6,Ssym,0.09982254828385054,-0.6998225482838505,0.4302016381477871
SimBa-SYM,reverse,273,1L44,NA,A,119,E,0.539800047489595,R,-1.8,0.35,-0,Ssym,0.26126933671970415,-0.26126933671970415,0.4302016381477871
SimBa-SYM,reverse,274,1L38,NA,A,123,E,0.4892821012410125,Q,-1.8,0.054000000000000006,-0.4,Ssym,0.14882264990939956,-0.5488226499093996,0.4302016381477871
SimBa-SYM,reverse,275,1L22,NA,A,124,G,0.40036967234883064,K,2.3,1.085,0.1,Ssym,0.6707547147583339,-0.570754714758334,0.4302016381477871
SimBa-SYM,reverse,276,1L33,NA,A,131,A,0.5295725125341917,V,-2.2,0.514,-0.3,Ssym,0.3995816950736947,-0.6995816950736946,0.4302016381477871
SimBa-SYM,reverse,277,1DYA,NA,A,131,D,0.576835013276233,V,-7.1,0.289,-0.1,Ssym,0.13607561498387188,-0.2360756149838719,0.4302016381477871
SimBa-SYM,reverse,278,1DYB,NA,A,131,G,0.4785663274736618,V,-3.1,0.799,0.7,Ssym,0.8044265508741761,-0.10442655087417618,0.4302016381477871
SimBa-SYM,reverse,279,1DYC,NA,A,131,I,0.6423062668663639,V,0.7,-0.267,-0.2,Ssym,-0.07873725969228301,-0.121262740307717,0.4302016381477871
SimBa-SYM,reverse,280,1DYD,NA,A,131,L,0.7043373738402062,V,1,-0.267,-0.1,Ssym,0.013673346623164384,-0.11367334662316439,0.4302016381477871
SimBa-SYM,reverse,281,1DYE,NA,A,131,S,0.5889154753118632,V,-3.3,0.51,0.1,Ssym,0.2302621928438522,-0.13026219284385218,0.4302016381477871
SimBa-SYM,reverse,282,1DYF,NA,A,131,M,0.6747606254267948,V,0.2,-0.22899999999999998,-0.1,Ssym,-0.06938610547602514,-0.030613894523974866,0.4302016381477871
SimBa-SYM,reverse,283,1DYG,NA,A,131,E,0.6030500936295832,V,-6.4,0.016,-0.2,Ssym,-0.1370800307157295,-0.06291996928427052,0.4302016381477871
SimBa-SYM,reverse,284,1L69,NA,A,133,A,0.05780523302760492,L,-3.2,0.7809999999999999,4.2,Ssym,2.409650673597231,1.7903493264027692,0.4302016381477871
SimBa-SYM,reverse,285,1L45,NA,A,135,E,0.8189748226412721,K,-1,0.302,1,Ssym,-0.1524597692596572,1.1524597692596572,0.4302016381477871
SimBa-SYM,reverse,286,1L20,NA,A,144,D,0.7351813907881466,N,-1.4,0.03,-0.4,Ssym,-0.16034836592436297,-0.23965163407563705,0.4302016381477871
SimBa-SYM,reverse,287,1L46,NA,A,147,E,0.43041040383940193,K,-1,0.302,0.7,Ssym,0.35510574093283204,0.3448942590671679,0.4302016381477871
SimBa-SYM,reverse,288,1L53,NA,A,149,C,0.0010140394470145586,V,0.4,0.315,2.2,Ssym,0.34829604811486115,1.851703951885139,0.4302016381477871
SimBa-SYM,reverse,289,1L52,NA,A,152,S,6.347842536794189e-4,T,-0.6,0.271,2.6,Ssym,0.6972358837148062,1.9027641162851938,0.4302016381477871
SimBa-SYM,reverse,290,1L47,NA,A,154,E,0.4335787252402596,R,-1.8,0.35,1.1,Ssym,0.4722284778996497,0.6277715221003504,0.4302016381477871
SimBa-SYM,reverse,291,1L16,NA,A,156,D,0.38976926757525326,G,-4,-0.51,2.3,Ssym,0.07527883719848272,2.224721162801517,0.4302016381477871
SimBa-SYM,reverse,292,1L02,NA,A,157,A,0.3299342662961589,T,0.5,0.275,0.5,Ssym,0.19111104137076224,0.30888895862923776,0.4302016381477871
SimBa-SYM,reverse,293,1L03,NA,A,157,C,0.49177495903802043,T,3.1,0.076,1.3,Ssym,-0.12948711928814194,1.429487119288142,0.4302016381477871
SimBa-SYM,reverse,294,1L04,NA,A,157,D,0.4944278117340929,T,-4.4,0.05,1.1,Ssym,0.2876825125826237,0.8123174874173764,0.4302016381477871
SimBa-SYM,reverse,295,1L06,NA,A,157,E,0.5493793753593231,T,-3.7,-0.223,0.8,Ssym,-0.07267144741942855,0.8726714474194286,0.4302016381477871
SimBa-SYM,reverse,296,1L07,NA,A,157,F,0.6676536696242236,T,3.4,-0.738,2.4,Ssym,-0.043276639634668324,2.4432766396346683,0.4302016381477871
SimBa-SYM,reverse,297,1L08,NA,A,157,G,0.32129053312611616,T,-0.4,0.56,1.1,Ssym,0.6539642709694206,0.44603572903057953,0.4302016381477871
SimBa-SYM,reverse,298,1L09,NA,A,157,H,0.6199929012357245,T,-1.8,-0.371,2.1,Ssym,-0.2384902286262539,2.338490228626254,0.4302016381477871
SimBa-SYM,reverse,299,1L10,NA,A,157,I,0.49880623149346226,T,3.4,-0.506,1.5,Ssym,-0.538579516488608,2.038579516488608,0.4302016381477871
SimBa-SYM,reverse,300,1L11,NA,A,157,L,0.5536528155898379,T,3.7,-0.506,1.7,Ssym,-0.35298840324488967,2.0529884032448895,0.4302016381477871
SimBa-SYM,reverse,301,1L12,NA,A,157,N,0.4202440732642823,T,-3,0.02,1.2,Ssym,0.3528689993587145,0.8471310006412854,0.4302016381477871
SimBa-SYM,reverse,302,1L13,NA,A,157,R,0.5366759523161092,T,-1.9,-0.573,-0.3,Ssym,-0.3108708339898961,0.010870833989896134,0.4302016381477871
SimBa-SYM,reverse,303,1L14,NA,A,157,S,0.2931128836936513,T,-0.6,0.271,0.7,Ssym,0.4184560237451781,0.28154397625482186,0.4302016381477871
SimBa-SYM,reverse,304,1L15,NA,A,157,V,0.4464925096199127,T,2.7,-0.239,1.2,Ssym,-0.44119631910215884,1.6411963191021588,0.4302016381477871
SimBa-SYM,reverse,305,1RDA,NA,A,10,N,0.11208184192319443,D,1.4,-0.03,-0.9,Ssym,-0.5174187103840368,-0.38258128961596327,0.4302016381477871
SimBa-SYM,reverse,306,1RDB,NA,A,48,Q,0.11343725052444867,E,1.8,-0.054000000000000006,-0.2,Ssym,-0.6853872444017026,0.4853872444017026,0.4302016381477871
SimBa-SYM,reverse,307,3AA5,NA,X,52,F,0.007743701783842916,A,2.9,-1.013,0.5,Ssym,-2.8541933435538653,3.3541933435538653,0.4302016381477871
SimBa-SYM,reverse,308,3AA2,NA,A,52,I,4.5021004273606424e-4,A,2.9,-0.7809999999999999,-1.9,Ssym,-2.502989908224477,0.602989908224477,0.4302016381477871
SimBa-SYM,reverse,309,3AA3,NA,A,52,L,0.001340784453251333,A,3.2,-0.7809999999999999,-1.3,Ssym,-2.6259244755414564,1.3259244755414563,0.4302016381477871
SimBa-SYM,reverse,310,3AA4,NA,A,52,V,0,A,2.2,-0.514,-1.7,Ssym,-1.77119305903882,0.07119305903882012,0.4302016381477871
SimBa-SYM,reverse,311,1RBS,NA,A,62,A,0.606019878836831,H,2.3,0.6459999999999999,-0.4,Ssym,0.3792970104088601,-0.7792970104088601,0.4302016381477871
SimBa-SYM,reverse,312,1RBR,NA,A,62,P,0.6485569847028928,H,2.4,0.405,-1.1,Ssym,0.3043093055798068,-1.4043093055798068,0.4302016381477871
SimBa-SYM,reverse,313,1RDC,NA,A,70,N,0.3151801690244746,D,1.4,-0.03,-0.9,Ssym,-0.2965015878900256,-0.6034984121099745,0.4302016381477871
SimBa-SYM,reverse,314,1LAV,NA,A,74,L,3.381658315394365e-5,V,1,-0.267,-1,Ssym,-0.8598250359460242,-0.14017496405397578,0.4302016381477871
SimBa-SYM,reverse,315,1LAW,NA,A,74,I,0.001368834177431803,V,0.7,-0.267,-0.6,Ssym,-0.7320265814814145,0.13202658148141455,0.4302016381477871
SimBa-SYM,reverse,316,1GOB,NA,A,77,A,0,G,0.9,-0.285,0.9,Ssym,-0.8472724954004787,1.7472724954004786,0.4302016381477871
SimBa-SYM,reverse,317,1RBV,NA,A,95,A,0.6534362672685231,K,3.2,0.8,-0.1,Ssym,0.5186567557004028,-0.6186567557004028,0.4302016381477871
SimBa-SYM,reverse,318,1RBT,NA,A,95,G,0.5501368080908132,K,2.3,1.085,-1.9,Ssym,0.6179071442777897,-2.51790714427779,0.4302016381477871
SimBa-SYM,reverse,319,1RBU,NA,A,95,N,0.7181418135097006,K,-0.3,0.545,-0.9,Ssym,0.12423080567662426,-1.0242308056766243,0.4302016381477871
SimBa-SYM,reverse,320,1KVA,NA,A,134,A,0.29575383451174303,D,4.9,0.225,-2.1,Ssym,-0.7540137426267974,-1.3459862573732027,0.4302016381477871
SimBa-SYM,reverse,321,1KVB,NA,A,134,H,0.2623577840658172,D,2.6,-0.42100000000000004,-2.3,Ssym,-1.076311860270216,-1.2236881397297839,0.4302016381477871
SimBa-SYM,reverse,322,1KVC,NA,A,134,N,0.17041674784927152,D,1.4,-0.03,-1,Ssym,-0.45396580192299724,-0.5460341980770027,0.4302016381477871
SimBa-SYM,reverse,323,1IOS,NA,A,12,F,3.389393848643963e-4,M,0.5,-0.27,-0.5,Ssym,-0.6537531981991045,0.1537531981991045,0.4302016381477871
SimBa-SYM,reverse,324,1IOT,NA,A,12,L,0.02325416368642531,M,0.8,-0.038,0.4,Ssym,-0.38420982746281573,0.7842098274628158,0.4302016381477871
SimBa-SYM,reverse,325,1HER,NA,A,40,S,0.011413319617779975,T,-0.6,0.271,0.3,Ssym,0.6869621620746724,-0.38696216207467243,0.4302016381477871
SimBa-SYM,reverse,326,1FN5,NA,A,49,A,0.32681821919221865,G,0.9,-0.285,0.7,Ssym,-0.454915907384723,1.1549159073847228,0.4302016381477871
SimBa-SYM,reverse,327,1HEO,NA,A,55,V,0.012501316027784365,I,-0.7,0.267,0.9,Ssym,0.7206795589064726,0.1793204410935274,0.4302016381477871
SimBa-SYM,reverse,328,1IR8,NA,A,58,M,0.016135184008696367,I,-0.5,0.038,1.2,Ssym,0.26603485726156667,0.9339651427384332,0.4302016381477871
SimBa-SYM,reverse,329,1FLU,NA,A,67,A,0.8598681905306994,G,0.9,-0.285,0.5,Ssym,0.18502903972746165,0.31497096027253835,0.4302016381477871
SimBa-SYM,reverse,330,1FLW,NA,A,71,A,0.821202021761277,G,0.9,-0.285,2.1,Ssym,0.13860896532797062,1.9613910346720296,0.4302016381477871
SimBa-SYM,reverse,331,1IR7,NA,A,78,M,0.17984100336999004,I,-0.5,0.038,0.9,Ssym,0.19401217232350573,0.7059878276764943,0.4302016381477871
SimBa-SYM,reverse,332,1LSN,NA,A,91,A,0.06173211920805748,S,1.1,0.004,0.2,Ssym,-0.4075164586914889,0.607516458691489,0.4302016381477871
SimBa-SYM,reverse,333,1HEM,NA,A,91,T,0.03558611756181885,S,0.6,-0.271,-1,Ssym,-0.6639214994102995,-0.33607850058970046,0.4302016381477871
SimBa-SYM,reverse,334,1IR9,NA,A,98,M,0.058465564875372335,I,-0.5,0.038,0.9,Ssym,0.24741152611571268,0.6525884738842873,0.4302016381477871
SimBa-SYM,reverse,335,1FLY,NA,A,102,A,0.9626515449385077,G,0.9,-0.285,1.2,Ssym,0.3084240155031023,0.8915759844968977,0.4302016381477871
SimBa-SYM,reverse,336,1FLQ,NA,A,117,A,1.0196494974945227,G,0.9,-0.285,0.8,Ssym,0.3768520310648934,0.42314796893510664,0.4302016381477871
SimBa-SYM,reverse,337,1BTI,NA,A,22,A,0.030456092956287404,F,-2.9,1.013,1.2,Ssym,2.762276743082353,-1.562276743082353,0.4302016381477871
SimBa-SYM,reverse,338,1BPT,NA,A,23,A,0.04501849589501464,Y,-1.9,1.05,5.9,Ssym,2.3726237822645393,3.527376217735461,0.4302016381477871
SimBa-SYM,reverse,339,8PTI,NA,A,35,G,0.18907194265427674,Y,-2.8,1.335,5,Ssym,2.5059716492016966,2.4940283507983034,0.4302016381477871
SimBa-SYM,reverse,340,1NAG,NA,A,43,G,0.16991159287454508,N,2.6,0.54,5.7,Ssym,-0.05695770153786592,5.756957701537866,0.4302016381477871
SimBa-SYM,reverse,341,1FAN,NA,A,45,A,0.1834100218929627,F,-2.9,1.013,6.9,Ssym,2.1432752002735387,4.756724799726461,0.4302016381477871
