model,Direction,Mut_index,PDB,Gene,Chain,Number,Wild,RSA,Mutated,Hdiff,Vdiff,Experimental,dataset,SimBa_IB_predict,Residuals,R
SimBa-IB,direct,0,1AMQ,NA,A,191,C,0.06095149419861321,Y,0.7,0.851,-2.3,Ssym,0.2705169683879607,-2.5705169683879605,0.4913530763866717
SimBa-IB,direct,1,1AMQ,NA,A,191,C,0.06095149419861321,F,-0.3,0.8140000000000001,-1.6,Ssym,0.5477151910309794,-2.1477151910309793,0.4913530763866717
SimBa-IB,direct,2,1AMQ,NA,A,191,C,0.06095149419861321,W,-0.1,1.193,-3.9,Ssym,0.9881160588925979,-4.888116058892598,0.4913530763866717
SimBa-IB,direct,3,1AMQ,NA,A,191,C,0.06095149419861321,S,3.7,-0.195,-1.9,Ssym,-2.1049083584094674,0.20490835840946753,0.4913530763866717
SimBa-IB,direct,4,1BNI,NA,A,7,F,0.14906549947700562,L,-0.3,-0.23199999999999998,-4.1,Ssym,-0.7542145273058426,-3.345785472694157,0.4913530763866717
SimBa-IB,direct,5,1BNI,NA,A,14,L,1.9916440449061092e-4,A,3.2,-0.7809999999999999,-4.5,Ssym,-2.9707312506373516,-1.5292687493626484,0.4913530763866717
SimBa-IB,direct,6,1BNI,NA,A,26,T,0.26481258948438097,A,-0.5,-0.275,-1.7,Ssym,-0.6354150221401075,-1.0645849778598926,0.4913530763866717
SimBa-IB,direct,7,1BNI,NA,A,51,I,0.004601952433853419,V,0.7,-0.267,-1.1,Ssym,-1.3193606381529097,0.21936063815290963,0.4913530763866717
SimBa-IB,direct,8,1BNI,NA,A,76,I,0,A,2.9,-0.7809999999999999,-1.7,Ssym,-2.862161574399181,1.162161574399181,0.4913530763866717
SimBa-IB,direct,9,1BNI,NA,A,76,I,0,V,0.7,-0.267,-1,Ssym,-1.3273711371938235,0.3273711371938235,0.4913530763866717
SimBa-IB,direct,10,1BNI,NA,A,78,Y,0.046212242879179875,F,-1,-0.037000000000000005,-1.1,Ssym,-0.3641650709318474,-0.7358349290681527,0.4913530763866717
SimBa-IB,direct,11,1BNI,NA,A,88,I,0,A,2.9,-0.7809999999999999,-4,Ssym,-2.862161574399181,-1.137838425600819,0.4913530763866717
SimBa-IB,direct,12,1BNI,NA,A,88,I,0,V,0.7,-0.267,-1.6,Ssym,-1.3273711371938235,-0.2726288628061766,0.4913530763866717
SimBa-IB,direct,13,1BNI,NA,A,89,L,0,V,1,-0.267,-0.5,Ssym,-1.4367511582440853,0.9367511582440853,0.4913530763866717
SimBa-IB,direct,14,1BNI,NA,A,91,S,0.01794577044992385,A,-1.1,-0.004,-2.4,Ssym,-0.29217438659059625,-2.1078256134094038,0.4913530763866717
SimBa-IB,direct,15,1BNI,NA,A,96,I,0,A,2.9,-0.7809999999999999,-3.2,Ssym,-2.862161574399181,-0.3378384256008191,0.4913530763866717
SimBa-IB,direct,16,1BNI,NA,A,96,I,0,V,0.7,-0.267,-3.1,Ssym,-1.3273711371938235,-1.7726288628061766,0.4913530763866717
SimBa-IB,direct,17,1CEY,NA,A,12,D,0.08837753117262714,A,-4.9,-0.225,2.5,Ssym,0.6137399123123418,1.886260087687658,0.4913530763866717
SimBa-IB,direct,18,1CEY,NA,A,13,D,0.40924735223687325,A,-4.9,-0.225,2.7,Ssym,0.030954101191390082,2.6690458988086103,0.4913530763866717
SimBa-IB,direct,19,1CEY,NA,A,57,D,0.09278324976086152,A,-4.9,-0.225,3.3,Ssym,0.6057379435622152,2.6942620564377844,0.4913530763866717
SimBa-IB,direct,20,1EY0,NA,A,22,T,0.06907575506456816,C,-3.1,-0.076,-0.9,Ssym,0.26710541337269833,-1.1671054133726984,0.4913530763866717
SimBa-IB,direct,21,1EY0,NA,A,22,T,0.06907575506456816,V,-2.7,0.239,-0.9,Ssym,0.5549979709142403,-1.4549979709142402,0.4913530763866717
SimBa-IB,direct,22,1EY0,NA,A,23,V,0.004568727578502144,L,-1,0.267,-0.1,Ssym,0.05308828697412981,-0.15308828697412982,0.4913530763866717
SimBa-IB,direct,23,1EY0,NA,A,25,L,0,I,0.3,0,-1.7,Ssym,-0.8009416820501192,-0.8990583179498808,0.4913530763866717
SimBa-IB,direct,24,1EY0,NA,A,33,T,0.24944213336210033,V,-2.7,0.239,0.4,Ssym,0.34992439830085487,0.050075601699145156,0.4913530763866717
SimBa-IB,direct,25,1EY0,NA,A,41,T,0.07422115781277387,C,-3.1,-0.076,0.6,Ssym,0.2623931793702315,0.3376068206297685,0.4913530763866717
SimBa-IB,direct,26,1EY0,NA,A,41,T,0.07422115781277387,I,-3.4,0.506,0.7,Ssym,1.1229238259886765,-0.4229238259886765,0.4913530763866717
SimBa-IB,direct,27,1EY0,NA,A,41,T,0.07422115781277387,S,0.6,-0.271,-1.1,Ssym,-1.171605425890648,0.071605425890648,0.4913530763866717
SimBa-IB,direct,28,1EY0,NA,A,41,T,0.07422115781277387,V,-2.7,0.239,0.8,Ssym,0.5491477335580928,0.2508522664419073,0.4913530763866717
SimBa-IB,direct,29,1EY0,NA,A,44,T,0.26855243585340965,V,-2.7,0.239,0.1,Ssym,0.3281963021744776,-0.2281963021744776,0.4913530763866717
SimBa-IB,direct,30,1EY0,NA,A,59,S,0.19380719326043447,A,-1.1,-0.004,0.5,Ssym,-0.2526926541854509,0.7526926541854508,0.4913530763866717
SimBa-IB,direct,31,1EY0,NA,A,62,T,7.030385686884468e-4,S,0.6,-0.271,-2.1,Ssym,-1.2954287476248392,-0.8045712523751609,0.4913530763866717
SimBa-IB,direct,32,1EY0,NA,A,62,T,7.030385686884468e-4,V,-2.7,0.239,-0.2,Ssym,0.6327366125249427,-0.8327366125249427,0.4913530763866717
SimBa-IB,direct,33,1EY0,NA,A,66,V,0.018194373924011843,I,-0.7,0.267,-1,Ssym,-0.054495102715253214,-0.9455048972847467,0.4913530763866717
SimBa-IB,direct,34,1EY0,NA,A,66,V,0.018194373924011843,L,-1,0.267,-0.3,Ssym,0.05147915020334209,-0.3514791502033421,0.4913530763866717
SimBa-IB,direct,35,1EY0,NA,A,66,V,0.018194373924011843,K,5.4,0.28600000000000003,-7.5,Ssym,-2.182738391665895,-5.317261608334105,0.4913530763866717
SimBa-IB,direct,36,1EY0,NA,A,72,I,0.08663664277413605,L,-0.3,0,-0.2,Ssym,-0.5200029607268724,0.32000296072687234,0.4913530763866717
SimBa-IB,direct,37,1EY0,NA,A,72,I,0.08663664277413605,V,0.7,-0.267,-1.2,Ssym,-1.1765649839739651,-0.023435016026034816,0.4913530763866717
SimBa-IB,direct,38,1EY0,NA,A,82,T,0.527505309883681,S,0.6,-0.271,-0.7,Ssym,-0.40815894526809837,-0.2918410547319016,0.4913530763866717
SimBa-IB,direct,39,1EY0,NA,A,92,I,0.002749709107243514,V,0.7,-0.267,-0.4,Ssym,-1.322584789989465,0.9225847899894649,0.4913530763866717
SimBa-IB,direct,40,1EY0,NA,A,116,K,0.8111632014996514,G,-2.3,-1.085,1,Ssym,-0.5143836705478175,1.5143836705478175,0.4913530763866717
SimBa-IB,direct,41,1EY0,NA,A,117,P,0.4154559097308634,A,0.1,-0.24100000000000002,0.8,Ssym,-0.5200562211292312,1.3200562211292313,0.4913530763866717
SimBa-IB,direct,42,1EY0,NA,A,117,P,0.4154559097308634,G,1,-0.526,0.9,Ssym,-0.8441876678487292,1.7441876678487294,0.4913530763866717
SimBa-IB,direct,43,1EY0,NA,A,117,P,0.4154559097308634,T,0.6,0.034,1.1,Ssym,-0.35149138030372307,1.451491380303723,0.4913530763866717
SimBa-IB,direct,44,1EY0,NA,A,120,T,0.4123267401981841,C,-3.1,-0.076,-1.7,Ssym,-0.04724878642068704,-1.652751213579313,0.4913530763866717
SimBa-IB,direct,45,1EY0,NA,A,120,T,0.4123267401981841,S,0.6,-0.271,-0.6,Ssym,-0.6021491239844645,0.0021491239844645404,0.4913530763866717
SimBa-IB,direct,46,1EY0,NA,A,120,T,0.4123267401981841,V,-2.7,0.239,-1.8,Ssym,0.16472730911552858,-1.9647273091155286,0.4913530763866717
SimBa-IB,direct,47,1EY0,NA,A,128,S,0.06870361738145722,A,-1.1,-0.004,0.7,Ssym,-0.2807790066489053,0.9807790066489053,0.4913530763866717
SimBa-IB,direct,48,1IHB,p18-ink4c(ink6),A,71,F,0.22105949694732355,N,6.4,-0.758,0.7,Ssym,-2.7722621714729048,3.472262171472905,0.4913530763866717
SimBa-IB,direct,49,1IHB,p18-ink4c(ink6),A,82,F,0.38215842982956094,Q,5.3,-0.461,-0.4,Ssym,-1.4081773082836406,1.0081773082836407,0.4913530763866717
SimBa-IB,direct,50,1IHB,p18-ink4c(ink6),A,92,F,0.29743323082178813,N,6.4,-0.758,-1.1,Ssym,-2.3116504669792732,1.2116504669792731,0.4913530763866717
SimBa-IB,direct,51,1IOB,NA,A,9,T,0.03676710872123817,G,0.4,-0.56,-2.6,Ssym,-1.5624251000244807,-1.0375748999755194,0.4913530763866717
SimBa-IB,direct,52,1L63,NA,A,6,M,0,A,2.4,-0.743,-1.9,Ssym,-2.6256952538138605,0.7256952538138606,0.4913530763866717
SimBa-IB,direct,53,1L63,NA,A,6,M,0,L,-0.8,0.038,-2.8,Ssym,-0.34571531936427446,-2.4542846806357255,0.4913530763866717
SimBa-IB,direct,54,1L63,NA,A,11,E,0.24345520849409094,H,-1.9,0.14800000000000002,0.1,Ssym,0.08997117626666117,0.01002882373333884,0.4913530763866717
SimBa-IB,direct,55,1L63,NA,A,11,E,0.24345520849409094,N,-0.7,-0.243,-0.1,Ssym,-0.5803453939767648,0.4803453939767648,0.4913530763866717
SimBa-IB,direct,56,1L63,NA,A,17,I,0.10513430300242065,A,2.9,-0.7809999999999999,-2.7,Ssym,-2.4540790857597194,-0.24592091424028073,0.4913530763866717
SimBa-IB,direct,57,1L63,NA,A,20,D,0.32703570174100693,A,-4.9,-0.225,-0.3,Ssym,0.18027254833894046,-0.48027254833894045,0.4913530763866717
SimBa-IB,direct,58,1L63,NA,A,20,D,0.32703570174100693,N,-1.4,0.03,1.3,Ssym,-0.14277192689951573,1.4427719268995158,0.4913530763866717
SimBa-IB,direct,59,1L63,NA,A,20,D,0.32703570174100693,S,-3.8,-0.221,0.7,Ssym,0.007422120557379869,0.6925778794426201,0.4913530763866717
SimBa-IB,direct,60,1L63,NA,A,27,I,0,A,2.9,-0.7809999999999999,-3.1,Ssym,-2.862161574399181,-0.23783842560081903,0.4913530763866717
SimBa-IB,direct,61,1L63,NA,A,27,I,0,M,0.5,-0.038,-3.1,Ssym,-0.9280279815851782,-2.171972018414822,0.4913530763866717
SimBa-IB,direct,62,1L63,NA,A,29,I,0.03176670160836519,A,2.9,-0.7809999999999999,-2.6,Ssym,-2.7388580066957804,0.1388580066957803,0.4913530763866717
SimBa-IB,direct,63,1L63,NA,A,38,S,0.41674560558083146,N,2.4,0.251,0,Ssym,-0.3639596979251725,0.3639596979251725,0.4913530763866717
SimBa-IB,direct,64,1L63,NA,A,41,A,0.3628209129956614,S,1.1,0.004,-0.6,Ssym,-0.5117541701650878,-0.08824582983491214,0.4913530763866717
SimBa-IB,direct,65,1L63,NA,A,42,A,0,V,-2.2,0.514,-2.7,Ssym,0.8432287762055009,-3.543228776205501,0.4913530763866717
SimBa-IB,direct,66,1L63,NA,A,42,A,0,S,1.1,0.004,-2.3,Ssym,-1.0869200239208296,-1.2130799760791702,0.4913530763866717
SimBa-IB,direct,67,1L63,NA,A,43,K,0.25398665857211605,A,-3.2,-0.8,-1,Ssym,-0.6388270503007156,-0.3611729496992844,0.4913530763866717
SimBa-IB,direct,68,1L63,NA,A,44,S,0.5897868045050895,A,-1.1,-0.004,0.3,Ssym,-0.1637933333497469,0.46379333334974693,0.4913530763866717
SimBa-IB,direct,69,1L63,NA,A,44,S,0.5897868045050895,I,-4,0.777,0.3,Ssym,0.251216389997857,0.048783610002142985,0.4913530763866717
SimBa-IB,direct,70,1L63,NA,A,44,S,0.5897868045050895,L,-4.3,0.777,0.4,Ssym,0.25019540952698494,0.1498045904730151,0.4913530763866717
SimBa-IB,direct,71,1L63,NA,A,44,S,0.5897868045050895,K,2.1,0.7959999999999999,0.2,Ssym,0.28231269605124254,-0.08231269605124253,0.4913530763866717
SimBa-IB,direct,72,1L63,NA,A,44,S,0.5897868045050895,E,3.1,0.494,0,Ssym,0.12142208621798772,-0.12142208621798772,0.4913530763866717
SimBa-IB,direct,73,1L63,NA,A,44,S,0.5897868045050895,G,-0.2,-0.289,-0.5,Ssym,-0.3157759391219191,-0.1842240608780809,0.4913530763866717
SimBa-IB,direct,74,1L63,NA,A,44,S,0.5897868045050895,R,1.3,0.8440000000000001,0.2,Ssym,0.3057030157249512,-0.10570301572495117,0.4913530763866717
SimBa-IB,direct,75,1L63,NA,A,44,S,0.5897868045050895,N,2.4,0.251,-0.1,Ssym,-0.013156931252305493,-0.08684306874769451,0.4913530763866717
SimBa-IB,direct,76,1L63,NA,A,44,S,0.5897868045050895,F,-4,1.0090000000000001,0.1,Ssym,0.377428905600913,-0.27742890560091304,0.4913530763866717
SimBa-IB,direct,77,1L63,NA,A,44,S,0.5897868045050895,P,-1.2,0.237,-3,Ssym,-0.0330249693960587,-2.9669750306039413,0.4913530763866717
SimBa-IB,direct,78,1L63,NA,A,44,S,0.5897868045050895,T,-0.6,0.271,0,Ssym,-0.012486346684901006,0.012486346684901006,0.4913530763866717
SimBa-IB,direct,79,1L63,NA,A,44,S,0.5897868045050895,V,-3.3,0.51,0.1,Ssym,0.10834548092694996,-0.00834548092694995,0.4913530763866717
SimBa-IB,direct,80,1L63,NA,A,46,L,0,A,3.2,-0.7809999999999999,-1.9,Ssym,-2.9715415954494433,1.0715415954494434,0.4913530763866717
SimBa-IB,direct,81,1L63,NA,A,47,D,0.24028587714491384,A,-4.9,-0.225,-1,Ssym,0.3378335390365098,-1.33783353903651,0.4913530763866717
SimBa-IB,direct,82,1L63,NA,A,49,A,0.423938888630834,S,1.1,0.004,-0.5,Ssym,-0.4148662252399091,-0.08513377476009087,0.4913530763866717
SimBa-IB,direct,83,1L63,NA,A,50,I,0.21404789582637235,A,2.9,-0.7809999999999999,-2,Ssym,-2.031327150977407,0.031327150977407126,0.4913530763866717
SimBa-IB,direct,84,1L63,NA,A,50,I,0.21404789582637235,M,0.5,-0.038,-0.4,Ssym,-0.6554054246535923,0.2554054246535923,0.4913530763866717
SimBa-IB,direct,85,1L63,NA,A,58,I,0.021121014985246957,A,2.9,-0.7809999999999999,-3.2,Ssym,-2.7801796131208296,-0.41982038687917056,0.4913530763866717
SimBa-IB,direct,86,1L63,NA,A,58,I,0.021121014985246957,T,3.4,-0.506,-3.4,Ssym,-2.5725776635097932,-0.8274223364902067,0.4913530763866717
SimBa-IB,direct,87,1L63,NA,A,59,T,0.512794617262514,A,-0.5,-0.275,-1.5,Ssym,-0.3864713887249281,-1.113528611275072,0.4913530763866717
SimBa-IB,direct,88,1L63,NA,A,59,T,0.512794617262514,D,4.4,-0.05,-1.2,Ssym,-0.4568984089685394,-0.7431015910314606,0.4913530763866717
SimBa-IB,direct,89,1L63,NA,A,59,T,0.512794617262514,G,0.4,-0.56,-1.6,Ssym,-0.6144824908400699,-0.9855175091599302,0.4913530763866717
SimBa-IB,direct,90,1L63,NA,A,59,T,0.512794617262514,N,3,-0.02,-1.1,Ssym,-0.3746345060868513,-0.7253654939131489,0.4913530763866717
SimBa-IB,direct,91,1L63,NA,A,59,T,0.512794617262514,S,0.6,-0.271,-0.2,Ssym,-0.4329355152360537,0.23293551523605371,0.4913530763866717
SimBa-IB,direct,92,1L63,NA,A,59,T,0.512794617262514,V,-2.7,0.239,-1.5,Ssym,0.05049700368422849,-1.5504970036842285,0.4913530763866717
SimBa-IB,direct,93,1L63,NA,A,66,L,0.027799092919778636,M,0.8,-0.038,-1,Ssym,-0.9967979728276577,-0.0032020271723423033,0.4913530763866717
SimBa-IB,direct,94,1L63,NA,A,67,F,0.06505766814757885,A,2.9,-1.013,-1.9,Ssym,-2.9177810215445703,1.0177810215445704,0.4913530763866717
SimBa-IB,direct,95,1L63,NA,A,72,D,0.536563754926223,P,-5,0.016,-2.7,Ssym,-0.047028434284683354,-2.652971565715317,0.4913530763866717
SimBa-IB,direct,96,1L63,NA,A,73,A,0.4476297550523255,S,1.1,0.004,-0.4,Ssym,-0.37731001796667146,-0.02268998203332856,0.4913530763866717
SimBa-IB,direct,97,1L63,NA,A,75,V,0.24070321374355788,T,2.7,-0.239,-1.3,Ssym,-1.3073672770703237,0.007367277070323697,0.4913530763866717
SimBa-IB,direct,98,1L63,NA,A,78,I,0,A,2.9,-0.7809999999999999,-1.2,Ssym,-2.862161574399181,1.662161574399181,0.4913530763866717
SimBa-IB,direct,99,1L63,NA,A,78,I,0,M,0.5,-0.038,-1.5,Ssym,-0.9280279815851782,-0.5719720184148218,0.4913530763866717
SimBa-IB,direct,100,1L63,NA,A,78,I,0,V,0.7,-0.267,-0.8,Ssym,-1.3273711371938235,0.5273711371938234,0.4913530763866717
SimBa-IB,direct,101,1L63,NA,A,82,A,0.828411378412354,S,1.1,0.004,-0.3,Ssym,0.2263282499767948,-0.5263282499767947,0.4913530763866717
SimBa-IB,direct,102,1L63,NA,A,84,L,0,A,3.2,-0.7809999999999999,-2.6,Ssym,-2.9715415954494433,0.3715415954494432,0.4913530763866717
SimBa-IB,direct,103,1L63,NA,A,84,L,0,M,0.8,-0.038,-1.9,Ssym,-1.0374080026354402,-0.8625919973645597,0.4913530763866717
SimBa-IB,direct,104,1L63,NA,A,87,V,0.024493805945421734,A,2.2,-0.514,-1.7,Ssym,-2.151750235610389,0.45175023561038885,0.4913530763866717
SimBa-IB,direct,105,1L63,NA,A,87,V,0.024493805945421734,M,-0.2,0.22899999999999998,-2.3,Ssym,-0.28149362267257705,-2.018506377327423,0.4913530763866717
SimBa-IB,direct,106,1L63,NA,A,87,V,0.024493805945421734,I,-0.7,0.267,-0.3,Ssym,-0.05405986360186689,-0.2459401363981331,0.4913530763866717
SimBa-IB,direct,107,1L63,NA,A,87,V,0.024493805945421734,T,2.7,-0.239,-1.6,Ssym,-1.9444821748065,0.3444821748064999,0.4913530763866717
SimBa-IB,direct,108,1L63,NA,A,91,L,0.03552486166294716,A,3.2,-0.7809999999999999,-3.9,Ssym,-2.8270007703835245,-1.0729992296164754,0.4913530763866717
SimBa-IB,direct,109,1L63,NA,A,91,L,0.03552486166294716,M,0.8,-0.038,-0.8,Ssym,-0.9855118600090311,0.18551186000903108,0.4913530763866717
SimBa-IB,direct,110,1L63,NA,A,92,D,0.41418506773102726,N,-1.4,0.03,-1.4,Ssym,-0.14394797410043694,-1.2560520258995629,0.4913530763866717
SimBa-IB,direct,111,1L63,NA,A,93,A,0.7800913992758594,S,1.1,0.004,-0.2,Ssym,0.14972847014592844,-0.34972847014592845,0.4913530763866717
SimBa-IB,direct,112,1L63,NA,A,98,A,0,C,-2.6,0.19899999999999998,-1,Ssym,0.5400588060359741,-1.5400588060359741,0.4913530763866717
SimBa-IB,direct,113,1L63,NA,A,98,A,0,L,-3.2,0.7809999999999999,-4.3,Ssym,1.5884182734497285,-5.888418273449728,0.4913530763866717
SimBa-IB,direct,114,1L63,NA,A,98,A,0,S,1.1,0.004,-2.5,Ssym,-1.0869200239208296,-1.4130799760791704,0.4913530763866717
SimBa-IB,direct,115,1L63,NA,A,98,A,0,V,-2.2,0.514,-3.2,Ssym,0.8432287762055009,-4.043228776205501,0.4913530763866717
SimBa-IB,direct,116,1L63,NA,A,99,L,6.372766538705798e-4,A,3.2,-0.7809999999999999,-4.5,Ssym,-2.968948693210452,-1.5310513067895481,0.4913530763866717
SimBa-IB,direct,117,1L63,NA,A,99,L,6.372766538705798e-4,F,0.3,0.23199999999999998,-0.3,Ssym,-0.469767255765856,0.169767255765856,0.4913530763866717
SimBa-IB,direct,118,1L63,NA,A,99,L,6.372766538705798e-4,I,0.3,0,-1.5,Ssym,-0.800245730765843,-0.699754269234157,0.4913530763866717
SimBa-IB,direct,119,1L63,NA,A,99,L,6.372766538705798e-4,M,0.8,-0.038,-0.6,Ssym,-1.036477043341762,0.43647704334176207,0.4913530763866717
SimBa-IB,direct,120,1L63,NA,A,99,L,6.372766538705798e-4,V,1,-0.267,-2,Ssym,-1.435522576798842,-0.564477423201158,0.4913530763866717
SimBa-IB,direct,121,1L63,NA,A,100,I,0.055765022502025,A,2.9,-0.7809999999999999,-3.4,Ssym,-2.6457076815043195,-0.7542923184956805,0.4913530763866717
SimBa-IB,direct,122,1L63,NA,A,100,I,0.055765022502025,M,0.5,-0.038,-1.6,Ssym,-0.8570027422892899,-0.7429972577107102,0.4913530763866717
SimBa-IB,direct,123,1L63,NA,A,100,I,0.055765022502025,V,0.7,-0.267,-0.4,Ssym,-1.230302411323714,0.830302411323714,0.4913530763866717
SimBa-IB,direct,124,1L63,NA,A,101,N,0.00413038553961243,A,-3.5,-0.255,-1.5,Ssym,0.21734566360290605,-1.717345663602906,0.4913530763866717
SimBa-IB,direct,125,1L63,NA,A,102,M,0.013180330182095659,L,-0.8,0.038,-1,Ssym,-0.34111636319790045,-0.6588836368020996,0.4913530763866717
SimBa-IB,direct,126,1L63,NA,A,103,V,0.05789603571775444,A,2.2,-0.514,-2.2,Ssym,-2.0500155945591407,-0.14998440544085945,0.4913530763866717
SimBa-IB,direct,127,1L63,NA,A,103,V,0.05789603571775444,I,-0.7,0.267,-0.5,Ssym,-0.051752043337781925,-0.44824795666221806,0.4913530763866717
SimBa-IB,direct,128,1L63,NA,A,103,V,0.05789603571775444,M,-0.2,0.22899999999999998,-1.2,Ssym,-0.2668680884600743,-0.9331319115399257,0.4913530763866717
SimBa-IB,direct,129,1L63,NA,A,104,F,0.1661156493166367,M,0.5,-0.27,-0.4,Ssym,-0.989559359456597,0.589559359456597,0.4913530763866717
SimBa-IB,direct,130,1L63,NA,A,105,Q,0.3371938276535632,M,-4.8,0.191,-1.2,Ssym,0.5297495211710158,-1.7297495211710157,0.4913530763866717
SimBa-IB,direct,131,1L63,NA,A,106,M,0.2734854028414356,I,-0.5,0.038,0.2,Ssym,-0.3084760694275118,0.5084760694275119,0.4913530763866717
SimBa-IB,direct,132,1L63,NA,A,106,M,0.2734854028414356,L,-0.8,0.038,0.5,Ssym,-0.2502892289375395,0.7502892289375396,0.4913530763866717
SimBa-IB,direct,133,1L63,NA,A,106,M,0.2734854028414356,K,5.6,0.057,-3.4,Ssym,-1.47229086440684,-1.92770913559316,0.4913530763866717
SimBa-IB,direct,134,1L63,NA,A,109,T,0.851313389351342,D,4.4,-0.05,0.6,Ssym,0.8040939454819289,-0.20409394548192894,0.4913530763866717
SimBa-IB,direct,135,1L63,NA,A,109,T,0.851313389351342,N,3,-0.02,0.1,Ssym,0.5754698156971922,-0.47546981569719227,0.4913530763866717
SimBa-IB,direct,136,1L63,NA,A,111,V,0.002120252642700086,A,2.2,-0.514,-1.3,Ssym,-2.219894351431624,0.9198943514316238,0.4913530763866717
SimBa-IB,direct,137,1L63,NA,A,111,V,0.002120252642700086,I,-0.7,0.267,-0.9,Ssym,-0.055605692728950405,-0.8443943072710496,0.4913530763866717
SimBa-IB,direct,138,1L63,NA,A,111,V,0.002120252642700086,M,-0.2,0.22899999999999998,-0.7,Ssym,-0.29129012941822113,-0.4087098705817788,0.4913530763866717
SimBa-IB,direct,139,1L63,NA,A,117,S,0.009833189728756315,F,-4,1.0090000000000001,1.1,Ssym,2.1746243576015094,-1.0746243576015093,0.4913530763866717
SimBa-IB,direct,140,1L63,NA,A,118,L,0.06988492538932754,A,3.2,-0.7809999999999999,-3.2,Ssym,-2.6871991855821795,-0.5128008144178207,0.4913530763866717
SimBa-IB,direct,141,1L63,NA,A,118,L,0.06988492538932754,M,0.8,-0.038,-0.7,Ssym,-0.9353173009220751,0.23531730092207515,0.4913530763866717
SimBa-IB,direct,142,1L63,NA,A,120,M,0.15049849606936544,L,-0.8,0.038,0.5,Ssym,-0.29320252363261506,0.793202523632615,0.4913530763866717
SimBa-IB,direct,143,1L63,NA,A,120,M,0.15049849606936544,K,5.6,0.057,-1.6,Ssym,-2.002840970475662,0.4028409704756619,0.4913530763866717
SimBa-IB,direct,144,1L63,NA,A,120,M,0.15049849606936544,Y,0.5,0.307,-0.1,Ssym,-0.3221673968117623,0.2221673968117623,0.4913530763866717
SimBa-IB,direct,145,1L63,NA,A,121,L,0.005458188177615025,M,0.8,-0.038,-0.8,Ssym,-1.0294344624473095,0.22943446244730947,0.4913530763866717
SimBa-IB,direct,146,1L63,NA,A,129,A,0.0025690385302478995,F,-2.9,1.013,-1.2,Ssym,1.8035245047892308,-3.0035245047892305,0.4913530763866717
SimBa-IB,direct,147,1L63,NA,A,129,A,0.0025690385302478995,W,-2.7,1.392,-2.2,Ssym,2.269707414418049,-4.46970741441805,0.4913530763866717
SimBa-IB,direct,148,1L63,NA,A,130,A,0.09514382483201476,S,1.1,0.004,1,Ssym,-0.9360922262967526,1.9360922262967526,0.4913530763866717
SimBa-IB,direct,149,1L63,NA,A,133,L,0.00938606656559131,F,0.3,0.23199999999999998,-0.3,Ssym,-0.46324627851707406,0.16324627851707407,0.4913530763866717
SimBa-IB,direct,150,1L63,NA,A,133,L,0.00938606656559131,M,0.8,-0.038,-0.4,Ssym,-1.0236964601722938,0.6236964601722937,0.4913530763866717
SimBa-IB,direct,151,1L63,NA,A,134,A,0.2726567261326227,S,1.1,0.004,-0.1,Ssym,-0.6546879417800996,0.5546879417800996,0.4913530763866717
SimBa-IB,direct,152,1L63,NA,A,144,N,0.7194402293203057,E,0.7,0.243,0.5,Ssym,0.10357157119601235,0.39642842880398765,0.4913530763866717
SimBa-IB,direct,153,1L63,NA,A,149,V,5.761660713799358e-4,A,2.2,-0.514,-3.2,Ssym,-2.2245972438479686,-0.9754027561520315,0.4913530763866717
SimBa-IB,direct,154,1L63,NA,A,149,V,5.761660713799358e-4,C,-0.4,-0.315,-2,Ssym,-0.9940828382890081,-1.0059171617109919,0.4913530763866717
SimBa-IB,direct,155,1L63,NA,A,149,V,5.761660713799358e-4,G,3.1,-0.799,-4.9,Ssym,-2.958415493907749,-1.9415845060922514,0.4913530763866717
SimBa-IB,direct,156,1L63,NA,A,149,V,5.761660713799358e-4,I,-0.7,0.267,-0.1,Ssym,-0.055712376453452644,-0.04428762354654736,0.4913530763866717
SimBa-IB,direct,157,1L63,NA,A,149,V,5.761660713799358e-4,M,-0.2,0.22899999999999998,-2.8,Ssym,-0.2919662247307147,-2.508033775269285,0.4913530763866717
SimBa-IB,direct,158,1L63,NA,A,149,V,5.761660713799358e-4,T,2.7,-0.239,-2.8,Ssym,-2.0149614607803463,-0.7850385392196535,0.4913530763866717
SimBa-IB,direct,159,1L63,NA,A,149,V,5.761660713799358e-4,S,3.3,-0.51,-4.4,Ssym,-2.6195635959818686,-1.7804364040181317,0.4913530763866717
SimBa-IB,direct,160,1L63,NA,A,152,T,0.0012871078529646603,A,-0.5,-0.275,-1.5,Ssym,-0.8999623826186025,-0.6000376173813975,0.4913530763866717
SimBa-IB,direct,161,1L63,NA,A,152,T,0.0012871078529646603,C,-3.1,-0.076,-0.5,Ssym,0.3291872335923391,-0.8291872335923391,0.4913530763866717
SimBa-IB,direct,162,1L63,NA,A,152,T,0.0012871078529646603,I,-3.4,0.506,-0.4,Ssym,1.2668062583566133,-1.6668062583566132,0.4913530763866717
SimBa-IB,direct,163,1L63,NA,A,152,T,0.0012871078529646603,S,0.6,-0.271,-2,Ssym,-1.294445025521423,-0.705554974478577,0.4913530763866717
SimBa-IB,direct,164,1L63,NA,A,152,T,0.0012871078529646603,V,-2.7,0.239,0.2,Ssym,0.6320725354618513,-0.43207253546185126,0.4913530763866717
SimBa-IB,direct,165,1L63,NA,A,153,F,0.0018604203960449113,A,2.9,-1.013,-3.8,Ssym,-3.184994682141091,-0.615005317858909,0.4913530763866717
SimBa-IB,direct,166,1L63,NA,A,153,F,0.0018604203960449113,I,0,-0.23199999999999998,-0.2,Ssym,-1.0199325932093877,0.8199325932093877,0.4913530763866717
SimBa-IB,direct,167,1L63,NA,A,153,F,0.0018604203960449113,L,-0.3,-0.23199999999999998,0.3,Ssym,-0.9109008204980253,1.2109008204980254,0.4913530763866717
SimBa-IB,direct,168,1L63,NA,A,153,F,0.0018604203960449113,M,0.5,-0.27,-0.6,Ssym,-1.2557128480314805,0.6557128480314806,0.4913530763866717
SimBa-IB,direct,169,1L63,NA,A,153,F,0.0018604203960449113,V,0.7,-0.499,-1.8,Ssym,-1.6541871465782454,-0.14581285342175465,0.4913530763866717
SimBa-IB,direct,170,1LZ1,NA,A,2,V,0.6806839030176081,A,2.2,-0.514,-1.5,Ssym,-0.15316318193058787,-1.3468368180694121,0.4913530763866717
SimBa-IB,direct,171,1LZ1,NA,A,2,V,0.6806839030176081,G,3.1,-0.799,-1.3,Ssym,-0.21538642419653642,-1.0846135758034636,0.4913530763866717
SimBa-IB,direct,172,1LZ1,NA,A,2,V,0.6806839030176081,S,3.3,-0.51,-1.4,Ssym,-0.08539911223400731,-1.3146008877659927,0.4913530763866717
SimBa-IB,direct,173,1LZ1,NA,A,2,V,0.6806839030176081,Y,0.3,0.536,-0.4,Ssym,0.16119677890499073,-0.5611967789049908,0.4913530763866717
SimBa-IB,direct,174,1LZ1,NA,A,2,V,0.6806839030176081,D,7.1,-0.289,-1.4,Ssym,0.2332619973732344,-1.6332619973732343,0.4913530763866717
SimBa-IB,direct,175,1LZ1,NA,A,2,V,0.6806839030176081,N,5.7,-0.259,-1.3,Ssym,0.16134015323680306,-1.461340153236803,0.4913530763866717
SimBa-IB,direct,176,1LZ1,NA,A,2,V,0.6806839030176081,R,4.6,0.33399999999999996,-0.4,Ssym,0.3372583220896427,-0.7372583220896427,0.4913530763866717
SimBa-IB,direct,177,1LZ1,NA,A,2,V,0.6806839030176081,L,-1,0.267,0.3,Ssym,-0.02675833185765991,0.3267583318576599,0.4913530763866717
SimBa-IB,direct,178,1LZ1,NA,A,2,V,0.6806839030176081,M,-0.2,0.22899999999999998,-0.2,Ssym,0.005826438893616115,-0.20582643889361613,0.4913530763866717
SimBa-IB,direct,179,1LZ1,NA,A,2,V,0.6806839030176081,F,-0.7,0.499,-0.8,Ssym,0.0859747783512792,-0.8859747783512792,0.4913530763866717
SimBa-IB,direct,180,1LZ1,NA,A,20,Y,0.23771171995432475,F,-1,-0.037000000000000005,-0.5,Ssym,-0.29977954549805386,-0.20022045450194614,0.4913530763866717
SimBa-IB,direct,181,1LZ1,NA,A,23,I,0.08597791909865427,A,2.9,-0.7809999999999999,-2.5,Ssym,-2.5284352625120583,0.0284352625120583,0.4913530763866717
SimBa-IB,direct,182,1LZ1,NA,A,23,I,0.08597791909865427,V,0.7,-0.267,-0.4,Ssym,-1.1777116071619531,0.7777116071619531,0.4913530763866717
SimBa-IB,direct,183,1LZ1,NA,A,38,Y,0.0969019519835426,F,-1,-0.037000000000000005,-0.2,Ssym,-0.3471222904260299,0.14712229042602987,0.4913530763866717
SimBa-IB,direct,184,1LZ1,NA,A,45,Y,0.5990724641578326,F,-1,-0.037000000000000005,0.1,Ssym,-0.17828364513295936,0.27828364513295933,0.4913530763866717
SimBa-IB,direct,185,1LZ1,NA,A,47,A,0.7507184089980665,P,-0.1,0.24100000000000002,0.1,Ssym,0.050515808445893096,0.04948419155410691,0.4913530763866717
SimBa-IB,direct,186,1LZ1,NA,A,54,Y,0.09431440196484787,F,-1,-0.037000000000000005,-1,Ssym,-0.3479922707000465,-0.6520077292999535,0.4913530763866717
SimBa-IB,direct,187,1LZ1,NA,A,56,I,0.005815613840553362,A,2.9,-0.7809999999999999,-3.7,Ssym,-2.839588065075926,-0.8604119349240742,0.4913530763866717
SimBa-IB,direct,188,1LZ1,NA,A,56,I,0.005815613840553362,T,3.4,-0.506,-4.3,Ssym,-2.6304709601553986,-1.6695290398446012,0.4913530763866717
SimBa-IB,direct,189,1LZ1,NA,A,56,I,0.005815613840553362,V,0.7,-0.267,-1.2,Ssym,-1.3172480492737104,0.11724804927371046,0.4913530763866717
SimBa-IB,direct,190,1LZ1,NA,A,59,I,0.01627512429569355,A,2.9,-0.7809999999999999,-1.7,Ssym,-2.798989107984007,1.0989891079840068,0.4913530763866717
SimBa-IB,direct,191,1LZ1,NA,A,59,I,0.01627512429569355,G,3.8,-1.0659999999999998,-3.8,Ssym,-3.5173048995386775,-0.2826951004613223,0.4913530763866717
SimBa-IB,direct,192,1LZ1,NA,A,59,I,0.01627512429569355,V,0.7,-0.267,-1.1,Ssym,-1.2990414511670085,0.19904145116700844,0.4913530763866717
SimBa-IB,direct,193,1LZ1,NA,A,63,Y,0.5350696321368893,F,-1,-0.037000000000000005,-0.2,Ssym,-0.19980253401902265,-1.9746598097736268e-4,0.4913530763866717
SimBa-IB,direct,194,1LZ1,NA,A,71,P,0.517320102921282,G,1,-0.526,-1.6,Ssym,-0.6083796471945391,-0.991620352805461,0.4913530763866717
SimBa-IB,direct,195,1LZ1,NA,A,74,V,0.5941400673825421,A,2.2,-0.514,-0.4,Ssym,-0.4167535504042648,0.016753550404264794,0.4913530763866717
SimBa-IB,direct,196,1LZ1,NA,A,74,V,0.5941400673825421,G,3.1,-0.799,-0.1,Ssym,-0.5644373819421675,0.46443738194216755,0.4913530763866717
SimBa-IB,direct,197,1LZ1,NA,A,74,V,0.5941400673825421,I,-0.7,0.267,-1.9,Ssym,-0.014701976584582749,-1.885298023415417,0.4913530763866717
SimBa-IB,direct,198,1LZ1,NA,A,74,V,0.5941400673825421,L,-1,0.267,-0.4,Ssym,-0.01653783554694435,-0.3834621644530557,0.4913530763866717
SimBa-IB,direct,199,1LZ1,NA,A,74,V,0.5941400673825421,M,-0.2,0.22899999999999998,-0.4,Ssym,-0.03206773277064506,-0.36793226722935496,0.4913530763866717
SimBa-IB,direct,200,1LZ1,NA,A,74,V,0.5941400673825421,F,-0.7,0.499,0,Ssym,0.11000120501049532,-0.11000120501049532,0.4913530763866717
SimBa-IB,direct,201,1LZ1,NA,A,74,V,0.5941400673825421,Y,0.3,0.536,-0.3,Ssym,0.13600874229459414,-0.43600874229459413,0.4913530763866717
SimBa-IB,direct,202,1LZ1,NA,A,74,V,0.5941400673825421,D,7.1,-0.289,-0.4,Ssym,-0.2658272684203496,-0.13417273157965043,0.4913530763866717
SimBa-IB,direct,203,1LZ1,NA,A,74,V,0.5941400673825421,N,5.7,-0.259,-0.3,Ssym,-0.2582691988315471,-0.0417308011684529,0.4913530763866717
SimBa-IB,direct,204,1LZ1,NA,A,74,V,0.5941400673825421,R,4.6,0.33399999999999996,-0.1,Ssym,0.05374495057318973,-0.15374495057318974,0.4913530763866717
SimBa-IB,direct,205,1LZ1,NA,A,74,V,0.5941400673825421,S,3.3,-0.51,-0.4,Ssym,-0.40787201268718465,0.007872012687184626,0.4913530763866717
SimBa-IB,direct,206,1LZ1,NA,A,77,C,0.16462373153113186,A,2.6,-0.19899999999999998,-4.6,Ssym,-1.4581900436238049,-3.1418099563761945,0.4913530763866717
SimBa-IB,direct,207,1LZ1,NA,A,89,I,0.03773708341160822,A,2.9,-0.7809999999999999,-2.7,Ssym,-2.7156837600910437,0.015683760091043553,0.4913530763866717
SimBa-IB,direct,208,1LZ1,NA,A,89,I,0.03773708341160822,V,0.7,-0.267,-0.5,Ssym,-1.2616831765248244,0.7616831765248244,0.4913530763866717
SimBa-IB,direct,209,1LZ1,NA,A,91,D,0.3634618694454883,P,-5,0.016,-0.4,Ssym,0.3405169211578829,-0.7405169211578829,0.4913530763866717
SimBa-IB,direct,210,1LZ1,NA,A,93,V,0.026331958328781532,A,2.2,-0.514,-0.7,Ssym,-2.146151694010226,1.446151694010226,0.4913530763866717
SimBa-IB,direct,211,1LZ1,NA,A,99,V,0.019861312708089628,A,2.2,-0.514,-1,Ssym,-2.1658596241118317,1.1658596241118317,0.4913530763866717
SimBa-IB,direct,212,1LZ1,NA,A,100,V,0.00860591013220284,A,2.2,-0.514,-0.3,Ssym,-2.200140699020597,1.9001406990205971,0.4913530763866717
SimBa-IB,direct,213,1LZ1,NA,A,103,P,1.0468910258319433,G,1,-0.526,-0.1,Ssym,0.617537598271081,-0.717537598271081,0.4913530763866717
SimBa-IB,direct,214,1LZ1,NA,A,106,I,0.02780248812287472,A,2.9,-0.7809999999999999,-0.9,Ssym,-2.754245240533435,1.854245240533435,0.4913530763866717
SimBa-IB,direct,215,1LZ1,NA,A,106,I,0.02780248812287472,V,0.7,-0.267,-0.7,Ssym,-1.278976068438883,0.5789760684388829,0.4913530763866717
SimBa-IB,direct,216,1LZ1,NA,A,110,V,0.5542022324314287,A,2.2,-0.514,0.5,Ssym,-0.5383939717416734,1.0383939717416735,0.4913530763866717
SimBa-IB,direct,217,1LZ1,NA,A,110,V,0.5542022324314287,D,7.1,-0.289,0.2,Ssym,-0.4961445934715193,0.6961445934715194,0.4913530763866717
SimBa-IB,direct,218,1LZ1,NA,A,110,V,0.5542022324314287,G,3.1,-0.799,-2.2,Ssym,-0.7255157468849474,-1.4744842531150528,0.4913530763866717
SimBa-IB,direct,219,1LZ1,NA,A,110,V,0.5542022324314287,I,-0.7,0.267,-0.8,Ssym,-0.01746135359121015,-0.7825386464087899,0.4913530763866717
SimBa-IB,direct,220,1LZ1,NA,A,110,V,0.5542022324314287,L,-1,0.267,0.1,Ssym,-0.011821329838819367,0.11182132983881937,0.4913530763866717
SimBa-IB,direct,221,1LZ1,NA,A,110,V,0.5542022324314287,M,-0.2,0.22899999999999998,0.4,Ssym,-0.049554953696675036,0.4495549536966751,0.4913530763866717
SimBa-IB,direct,222,1LZ1,NA,A,110,V,0.5542022324314287,N,5.7,-0.259,0.1,Ssym,-0.4519085137969134,0.5519085137969134,0.4913530763866717
SimBa-IB,direct,223,1LZ1,NA,A,110,V,0.5542022324314287,R,4.6,0.33399999999999996,0.9,Ssym,-0.0770894428295214,0.9770894428295214,0.4913530763866717
SimBa-IB,direct,224,1LZ1,NA,A,110,V,0.5542022324314287,F,-0.7,0.499,-1.9,Ssym,0.12108880536168681,-2.021088805361687,0.4913530763866717
SimBa-IB,direct,225,1LZ1,NA,A,110,V,0.5542022324314287,P,2.1,-0.273,0.5,Ssym,-0.3925890142222782,0.8925890142222782,0.4913530763866717
SimBa-IB,direct,226,1LZ1,NA,A,110,V,0.5542022324314287,Y,0.3,0.536,-0.1,Ssym,0.12438508774419388,-0.22438508774419388,0.4913530763866717
SimBa-IB,direct,227,1LZ1,NA,A,121,V,0.10296621365058094,A,2.2,-0.514,-1.4,Ssym,-1.912743370358411,0.512743370358411,0.4913530763866717
SimBa-IB,direct,228,1LZ1,NA,A,124,Y,0.09580485282936554,F,-1,-0.037000000000000005,-0.4,Ssym,-0.34749115464735064,-0.05250884535264938,0.4913530763866717
SimBa-IB,direct,229,1LZ1,NA,A,125,V,0.18716784876142703,A,2.2,-0.514,-1.3,Ssym,-1.656286745087678,0.3562867450876779,0.4913530763866717
SimBa-IB,direct,230,1LZ1,NA,A,130,V,0.4879930319943236,A,2.2,-0.514,-0.8,Ssym,-0.7400502469864559,-0.059949753013544105,0.4913530763866717
SimBa-IB,direct,231,1OH0,NA,A,32,Y,0,F,-1,-0.037000000000000005,0.2,Ssym,-0.37970244776803863,0.5797024477680386,0.4913530763866717
SimBa-IB,direct,232,1OH0,NA,A,57,Y,0.06306194924440672,F,-1,-0.037000000000000005,-1.2,Ssym,-0.35849990038255897,-0.841500099617441,0.4913530763866717
SimBa-IB,direct,233,1RN1,NA,C,25,Q,0.4933160073759864,K,0.8,0.248,1.4,Ssym,-0.11992968083488756,1.5199296808348874,0.4913530763866717
SimBa-IB,direct,234,1VQB,NA,A,47,I,0.014143747204906706,L,-0.3,0,-0.4,Ssym,-0.5720307442973492,0.17203074429734921,0.4913530763866717
SimBa-IB,direct,235,1VQB,NA,A,47,I,0.014143747204906706,M,0.5,-0.038,-1.7,Ssym,-0.9100137679312238,-0.7899862320687762,0.4913530763866717
SimBa-IB,direct,236,1VQB,NA,A,47,I,0.014143747204906706,V,0.7,-0.267,-2,Ssym,-1.3027514838948517,-0.6972485161051483,0.4913530763866717
SimBa-IB,direct,237,1VQB,NA,A,35,V,0.05663922067326489,I,-0.7,0.267,-0.6,Ssym,-0.0518388789546749,-0.5481611210453251,0.4913530763866717
SimBa-IB,direct,238,1VQB,NA,A,41,Y,0.8229644485051265,F,-1,-0.037000000000000005,-3.2,Ssym,-0.1030071834277477,-3.0969928165722527,0.4913530763866717
SimBa-IB,direct,239,2LZM,NA,A,3,I,0.11907695526055705,L,-0.3,0,0.7,Ssym,-0.4967207129459111,1.196720712945911,0.4913530763866717
SimBa-IB,direct,240,2LZM,NA,A,3,I,0.11907695526055705,C,0.3,-0.5820000000000001,0,Ssym,-1.3969308191408099,1.3969308191408099,0.4913530763866717
SimBa-IB,direct,241,2LZM,NA,A,3,I,0.11907695526055705,P,2.8,-0.54,-3,Ssym,-2.0702889806235105,-0.9297110193764895,0.4913530763866717
SimBa-IB,direct,242,2LZM,NA,A,3,I,0.11907695526055705,Y,1,0.26899999999999996,-2.3,Ssym,-0.5385413909781306,-1.7614586090218691,0.4913530763866717
SimBa-IB,direct,243,2LZM,NA,A,3,I,0.11907695526055705,V,0.7,-0.267,-0.4,Ssym,-1.1200969748420628,0.7200969748420628,0.4913530763866717
SimBa-IB,direct,244,2LZM,NA,A,6,M,0,I,-0.5,0.038,-1.4,Ssym,-0.4550953404145363,-0.9449046595854635,0.4913530763866717
SimBa-IB,direct,245,2LZM,NA,A,16,K,0.5881932962899652,E,1,-0.302,0.5,Ssym,-0.3219196840559389,0.8219196840559388,0.4913530763866717
SimBa-IB,direct,246,2LZM,NA,A,38,S,0.4224831066259817,D,3.8,0.221,0.6,Ssym,-0.5175321479310075,1.1175321479310076,0.4913530763866717
SimBa-IB,direct,247,2LZM,NA,A,55,N,0.8282534935212336,G,-2.6,-0.54,-0.6,Ssym,-0.43912793789016613,-0.16087206210983385,0.4913530763866717
SimBa-IB,direct,248,2LZM,NA,A,60,K,0.5273684372986714,P,-3.3,-0.5589999999999999,0,Ssym,-0.45331327169970836,0.45331327169970836,0.4913530763866717
SimBa-IB,direct,249,2LZM,NA,A,77,G,0.04552509603604734,A,-0.9,0.285,0.4,Ssym,0.03906515442288783,0.3609348455771122,0.4913530763866717
SimBa-IB,direct,250,2LZM,NA,A,82,A,0.8200146378403756,P,-0.1,0.24100000000000002,0.8,Ssym,0.08393901246446406,0.7160609875355359,0.4913530763866717
SimBa-IB,direct,251,2LZM,NA,A,85,K,0.40328796052920074,A,-3.2,-0.8,-0.6,Ssym,-0.6233334409315252,0.02333344093152523,0.4913530763866717
SimBa-IB,direct,252,2LZM,NA,A,89,D,0.5145259928905112,A,-4.9,-0.225,-0.5,Ssym,-0.16026019806412284,-0.33973980193587716,0.4913530763866717
SimBa-IB,direct,253,2LZM,NA,A,96,R,0.31066546368222275,A,-2.4,-0.848,-2,Ssym,-0.8156864341944108,-1.1843135658055892,0.4913530763866717
SimBa-IB,direct,254,2LZM,NA,A,96,R,0.31066546368222275,D,2.5,-0.623,-3.5,Ssym,-1.436137525304112,-2.0638624746958882,0.4913530763866717
SimBa-IB,direct,255,2LZM,NA,A,96,R,0.31066546368222275,M,-4.8,-0.105,-2.7,Ssym,0.30826798041938747,-3.0082679804193875,0.4913530763866717
SimBa-IB,direct,256,2LZM,NA,A,96,R,0.31066546368222275,E,1.8,-0.35,-2.5,Ssym,-1.0542125609867414,-1.4457874390132586,0.4913530763866717
SimBa-IB,direct,257,2LZM,NA,A,96,R,0.31066546368222275,G,-1.5,-1.133,-2.6,Ssym,-1.2432966925897717,-1.3567033074102284,0.4913530763866717
SimBa-IB,direct,258,2LZM,NA,A,96,R,0.31066546368222275,Q,0,-0.29600000000000004,-0.3,Ssym,-0.6949471978017016,0.39494719780170157,0.4913530763866717
SimBa-IB,direct,259,2LZM,NA,A,96,R,0.31066546368222275,H,-0.1,-0.20199999999999999,-3.1,Ssym,-0.5875230516981714,-2.5124769483018285,0.4913530763866717
SimBa-IB,direct,260,2LZM,NA,A,96,R,0.31066546368222275,N,1.1,-0.593,-3,Ssym,-1.1682427502750525,-1.8317572497249475,0.4913530763866717
SimBa-IB,direct,261,2LZM,NA,A,96,R,0.31066546368222275,K,0.8,-0.048,0,Ssym,-0.5931869681693186,0.5931869681693186,0.4913530763866717
SimBa-IB,direct,262,2LZM,NA,A,96,R,0.31066546368222275,S,-1.3,-0.8440000000000001,-2.6,Ssym,-0.9996748137311147,-1.6003251862688854,0.4913530763866717
SimBa-IB,direct,263,2LZM,NA,A,96,R,0.31066546368222275,Y,-4.3,0.20199999999999999,-4.7,Ssym,0.5179634405056417,-5.217963440505642,0.4913530763866717
SimBa-IB,direct,264,2LZM,NA,A,96,R,0.31066546368222275,V,-4.6,-0.33399999999999996,-2.4,Ssym,0.054012398875441625,-2.4540123988754416,0.4913530763866717
SimBa-IB,direct,265,2LZM,NA,A,96,R,0.31066546368222275,W,-5.1,0.544,-4.5,Ssym,0.9832837159650267,-5.483283715965027,0.4913530763866717
SimBa-IB,direct,266,2LZM,NA,A,98,A,0,V,-2.2,0.514,-4.9,Ssym,0.8432287762055009,-5.743228776205501,0.4913530763866717
SimBa-IB,direct,267,2LZM,NA,A,105,Q,0.33418604632315857,A,-2.4,-0.552,-0.6,Ssym,-0.5257207846240839,-0.07427921537591609,0.4913530763866717
SimBa-IB,direct,268,2LZM,NA,A,105,Q,0.33418604632315857,E,1.8,-0.054000000000000006,-1.1,Ssym,-0.7201130365670849,-0.37988696343291517,0.4913530763866717
SimBa-IB,direct,269,2LZM,NA,A,105,Q,0.33418604632315857,G,-1.5,-0.8370000000000001,-1.5,Ssym,-0.9301048613074379,-0.5698951386925621,0.4913530763866717
SimBa-IB,direct,270,2LZM,NA,A,113,G,0.6903559561064411,A,-0.9,0.285,0.3,Ssym,-0.014198102056369954,0.31419810205636994,0.4913530763866717
SimBa-IB,direct,271,2LZM,NA,A,115,T,0.6122457118739004,E,3.7,0.223,0.3,Ssym,0.04072252323866171,0.2592774767613383,0.4913530763866717
SimBa-IB,direct,272,2LZM,NA,A,116,N,0.5539714149551953,D,1.4,-0.03,0.6,Ssym,-0.23473045164886305,0.8347304516488631,0.4913530763866717
SimBa-IB,direct,273,2LZM,NA,A,119,R,0.49032535386628934,E,1.8,-0.35,0,Ssym,-0.5958876743782316,0.5958876743782316,0.4913530763866717
SimBa-IB,direct,274,2LZM,NA,A,123,Q,0.5228033910177644,E,1.8,-0.054000000000000006,0.4,Ssym,-0.3223735098097841,0.7223735098097841,0.4913530763866717
SimBa-IB,direct,275,2LZM,NA,A,124,K,0.4944774319168021,G,-2.3,-1.085,-0.1,Ssym,-0.8599693510021456,0.7599693510021456,0.4913530763866717
SimBa-IB,direct,276,2LZM,NA,A,131,V,0.6324816647897471,A,2.2,-0.514,0.3,Ssym,-0.29997485999526713,0.5999748599952671,0.4913530763866717
SimBa-IB,direct,277,2LZM,NA,A,131,V,0.6324816647897471,D,7.1,-0.289,0.1,Ssym,-0.04471527865360975,0.14471527865360975,0.4913530763866717
SimBa-IB,direct,278,2LZM,NA,A,131,V,0.6324816647897471,G,3.1,-0.799,-0.7,Ssym,-0.40979700578740785,-0.2902029942125921,0.4913530763866717
SimBa-IB,direct,279,2LZM,NA,A,131,V,0.6324816647897471,I,-0.7,0.267,0.2,Ssym,-0.012052886507158411,0.21205288650715842,0.4913530763866717
SimBa-IB,direct,280,2LZM,NA,A,131,V,0.6324816647897471,L,-1,0.267,0.1,Ssym,-0.021065831700242954,0.12106583170024296,0.4913530763866717
SimBa-IB,direct,281,2LZM,NA,A,131,V,0.6324816647897471,S,3.3,-0.51,-0.1,Ssym,-0.2650065384083938,0.16500653840839377,0.4913530763866717
SimBa-IB,direct,282,2LZM,NA,A,131,V,0.6324816647897471,M,-0.2,0.22899999999999998,0.1,Ssym,-0.015279442034870028,0.11527944203487003,0.4913530763866717
SimBa-IB,direct,283,2LZM,NA,A,131,V,0.6324816647897471,E,6.4,-0.016,0.2,Ssym,0.06535292963056386,0.13464707036943616,0.4913530763866717
SimBa-IB,direct,284,2LZM,NA,A,133,L,0.011362151095406638,A,3.2,-0.7809999999999999,-4.2,Ssym,-2.925312148887892,-1.274687851112108,0.4913530763866717
SimBa-IB,direct,285,2LZM,NA,A,135,K,0.7176322541293608,E,1,-0.302,-1,Ssym,-0.06560881700315507,-0.934391182996845,0.4913530763866717
SimBa-IB,direct,286,2LZM,NA,A,144,N,0.6883967495562731,D,1.4,-0.03,0.4,Ssym,0.01036194276744623,0.3896380572325538,0.4913530763866717
SimBa-IB,direct,287,2LZM,NA,A,147,K,0.42770808901196933,E,1,-0.302,-0.7,Ssym,-0.6397073371179092,-0.060292662882090786,0.4913530763866717
SimBa-IB,direct,288,2LZM,NA,A,149,V,3.7057709726610226e-4,C,-0.4,-0.315,-2.2,Ssym,-0.9943143421371424,-1.2056856578628579,0.4913530763866717
SimBa-IB,direct,289,2LZM,NA,A,152,T,0.0010249081062314645,S,0.6,-0.271,-2.6,Ssym,-1.2948866369762888,-1.3051133630237113,0.4913530763866717
SimBa-IB,direct,290,2LZM,NA,A,154,R,0.35436052862151185,E,1.8,-0.35,-1.1,Ssym,-0.9427434085613815,-0.1572565914386186,0.4913530763866717
SimBa-IB,direct,291,2LZM,NA,A,156,G,0.2385666515971688,D,4,0.51,-2.3,Ssym,-0.7935230355529894,-1.5064769644470104,0.4913530763866717
SimBa-IB,direct,292,2LZM,NA,A,157,T,0.3833835159395049,A,-0.5,-0.275,-0.5,Ssym,-0.516384310464697,0.016384310464697016,0.4913530763866717
SimBa-IB,direct,293,2LZM,NA,A,157,T,0.3833835159395049,C,-3.1,-0.076,-1.3,Ssym,-0.020742164457939097,-1.279257835542061,0.4913530763866717
SimBa-IB,direct,294,2LZM,NA,A,157,T,0.3833835159395049,D,4.4,-0.05,-1.1,Ssym,-0.9389585568959008,-0.1610414431040993,0.4913530763866717
SimBa-IB,direct,295,2LZM,NA,A,157,T,0.3833835159395049,E,3.7,0.223,-0.8,Ssym,-0.6184627366790538,-0.18153726332094622,0.4913530763866717
SimBa-IB,direct,296,2LZM,NA,A,157,T,0.3833835159395049,F,-3.4,0.738,-2.4,Ssym,0.7107914909378392,-3.110791490937839,0.4913530763866717
SimBa-IB,direct,297,2LZM,NA,A,157,T,0.3833835159395049,G,0.4,-0.56,-1.1,Ssym,-0.8721867092821525,-0.22781329071784762,0.4913530763866717
SimBa-IB,direct,298,2LZM,NA,A,157,T,0.3833835159395049,H,1.8,0.371,-2.1,Ssym,-0.2540659324672083,-1.8459340675327918,0.4913530763866717
SimBa-IB,direct,299,2LZM,NA,A,157,T,0.3833835159395049,I,-3.4,0.506,-1.5,Ssym,0.5130162161905922,-2.013016216190592,0.4913530763866717
SimBa-IB,direct,300,2LZM,NA,A,157,T,0.3833835159395049,L,-3.7,0.506,-1.7,Ssym,0.5506314507059433,-2.250631450705943,0.4913530763866717
SimBa-IB,direct,301,2LZM,NA,A,157,T,0.3833835159395049,N,3,-0.02,-1.2,Ssym,-0.7378464068483257,-0.46215359315167426,0.4913530763866717
SimBa-IB,direct,302,2LZM,NA,A,157,T,0.3833835159395049,R,1.9,0.573,0.3,Ssym,-0.09440345820101514,0.39440345820101513,0.4913530763866717
SimBa-IB,direct,303,2LZM,NA,A,157,T,0.3833835159395049,S,0.6,-0.271,-0.7,Ssym,-0.6508969184908588,-0.04910308150914111,0.4913530763866717
SimBa-IB,direct,304,2LZM,NA,A,157,T,0.3833835159395049,V,-2.7,0.239,-1.2,Ssym,0.1976352737689328,-1.3976352737689328,0.4913530763866717
SimBa-IB,direct,305,2RN2,NA,A,10,D,0.1513388064249355,N,-1.4,0.03,0.9,Ssym,-0.1404009648207937,1.0404009648207937,0.4913530763866717
SimBa-IB,direct,306,2RN2,NA,A,48,E,0.11672987901444895,Q,-1.8,0.054000000000000006,0.2,Ssym,0.006795738005599124,0.19320426199440088,0.4913530763866717
SimBa-IB,direct,307,2RN2,NA,A,52,A,0.007797220904145982,F,-2.9,1.013,-0.5,Ssym,1.7908802368944237,-2.2908802368944237,0.4913530763866717
SimBa-IB,direct,308,2RN2,NA,A,52,A,0.007797220904145982,I,-2.9,0.7809999999999999,1.9,Ssym,1.4628842095793992,0.43711579042060067,0.4913530763866717
SimBa-IB,direct,309,2RN2,NA,A,52,A,0.007797220904145982,L,-3.2,0.7809999999999999,1.3,Ssym,1.5708046845863723,-0.2708046845863723,0.4913530763866717
SimBa-IB,direct,310,2RN2,NA,A,52,A,0.007797220904145982,V,-2.2,0.514,1.7,Ssym,0.8335915812882224,0.8664084187117775,0.4913530763866717
SimBa-IB,direct,311,2RN2,NA,A,62,H,0.7471062790487638,A,-2.3,-0.6459999999999999,0.4,Ssym,-0.4486735467256452,0.8486735467256452,0.4913530763866717
SimBa-IB,direct,312,2RN2,NA,A,62,H,0.7471062790487638,P,-2.4,-0.405,1.1,Ssym,-0.384381997324822,1.484381997324822,0.4913530763866717
SimBa-IB,direct,313,2RN2,NA,A,70,D,0.4024302877554799,N,-1.4,0.03,0.9,Ssym,-0.14378934786224642,1.0437893478622464,0.4913530763866717
SimBa-IB,direct,314,2RN2,NA,A,74,V,0.01458243422125986,L,-1,0.267,1,Ssym,0.05190570648127474,0.9480942935187253,0.4913530763866717
SimBa-IB,direct,315,2RN2,NA,A,74,V,0.01458243422125986,I,-0.7,0.267,0.6,Ssym,-0.054744658140010116,0.65474465814001,0.4913530763866717
SimBa-IB,direct,316,2RN2,NA,A,77,G,0,A,-0.9,0.285,-0.9,Ssym,0.042825543412562006,-0.9428255434125621,0.4913530763866717
SimBa-IB,direct,317,2RN2,NA,A,95,K,0.673105281237697,A,-3.2,-0.8,0.1,Ssym,-0.5953333892688774,0.6953333892688773,0.4913530763866717
SimBa-IB,direct,318,2RN2,NA,A,95,K,0.673105281237697,G,-2.3,-1.085,1.9,Ssym,-0.6650403937049187,2.5650403937049187,0.4913530763866717
SimBa-IB,direct,319,2RN2,NA,A,95,K,0.673105281237697,N,0.3,-0.545,0.9,Ssym,-0.29449259700212793,1.194492597002128,0.4913530763866717
SimBa-IB,direct,320,2RN2,NA,A,134,D,0.3554778210473742,A,-4.9,-0.225,2.1,Ssym,0.1286140174276111,1.971385982572389,0.4913530763866717
SimBa-IB,direct,321,2RN2,NA,A,134,D,0.3554778210473742,H,-2.6,0.42100000000000004,2.3,Ssym,0.3778253490464682,1.9221746509535316,0.4913530763866717
SimBa-IB,direct,322,2RN2,NA,A,134,D,0.3554778210473742,N,-1.4,0.03,1,Ssym,-0.14315574236872233,1.1431557423687224,0.4913530763866717
SimBa-IB,direct,323,4LYZ,NA,A,12,M,0.011553896729140527,F,-0.5,0.27,0.5,Ssym,-0.12220760014429709,0.6222076001442971,0.4913530763866717
SimBa-IB,direct,324,4LYZ,NA,A,12,M,0.011553896729140527,L,-0.8,0.038,-0.4,Ssym,-0.34168386765752523,-0.05831613234247479,0.4913530763866717
SimBa-IB,direct,325,4LYZ,NA,A,40,T,8.390496943848412e-4,S,0.6,-0.271,-0.3,Ssym,-1.2951996700919848,0.9951996700919847,0.4913530763866717
SimBa-IB,direct,326,4LYZ,NA,A,49,G,0.25782051465291983,A,-0.9,0.285,-0.7,Ssym,0.021529477966696686,-0.7215294779666966,0.4913530763866717
SimBa-IB,direct,327,4LYZ,NA,A,55,I,0.016907733839636802,V,0.7,-0.267,-0.9,Ssym,-1.2979402841693335,0.39794028416933347,0.4913530763866717
SimBa-IB,direct,328,4LYZ,NA,A,58,I,0.020679809692634575,M,0.5,-0.038,-1.2,Ssym,-0.9016890980680153,-0.2983109019319846,0.4913530763866717
SimBa-IB,direct,329,4LYZ,NA,A,67,G,0.9081224054808341,A,-0.9,0.285,-0.5,Ssym,-0.03218568758281232,-0.4678143124171877,0.4913530763866717
SimBa-IB,direct,330,4LYZ,NA,A,71,G,0.422438081234886,A,-0.9,0.285,-2.1,Ssym,0.007932008904981191,-2.107932008904981,0.4913530763866717
SimBa-IB,direct,331,4LYZ,NA,A,78,I,0.3017395859158316,M,0.5,-0.038,-0.9,Ssym,-0.5437167174063469,-0.35628328259365316,0.4913530763866717
SimBa-IB,direct,332,4LYZ,NA,A,91,S,0.007784398759976585,A,-1.1,-0.004,-0.2,Ssym,-0.2944556632430887,0.09445566324308868,0.4913530763866717
SimBa-IB,direct,333,4LYZ,NA,A,91,S,0.007784398759976585,T,-0.6,0.271,1,Ssym,-0.08553345781560359,1.0855334578156035,0.4913530763866717
SimBa-IB,direct,334,4LYZ,NA,A,98,I,0.06002321064265107,M,0.5,-0.038,-0.9,Ssym,-0.8515792919240739,-0.04842070807592613,0.4913530763866717
SimBa-IB,direct,335,4LYZ,NA,A,102,G,0.775733802544479,A,-0.9,0.285,-1.2,Ssym,-0.02125034228565964,-1.1787496577143404,0.4913530763866717
SimBa-IB,direct,336,4LYZ,NA,A,117,G,1.0166119419741304,A,-0.9,0.285,-0.8,Ssym,-0.04114696156236014,-0.75885303843764,0.4913530763866717
SimBa-IB,direct,337,5PTI,NA,A,22,F,0.11095153276596051,A,2.9,-1.013,-1.2,Ssym,-2.723730362696042,1.523730362696042,0.4913530763866717
SimBa-IB,direct,338,5PTI,NA,A,23,Y,0.05599185110184739,A,1.9,-1.05,-5.9,Ssym,-2.6760949489776458,-3.2239050510223546,0.4913530763866717
SimBa-IB,direct,339,5PTI,NA,A,35,Y,0.0628553995460648,G,2.8,-1.335,-5,Ssym,-3.3232957714972966,-1.6767042285027034,0.4913530763866717
SimBa-IB,direct,340,5PTI,NA,A,43,N,0.020784075846866448,G,-2.6,-0.54,-5.7,Ssym,-0.5114708152011318,-5.188529184798869,0.4913530763866717
SimBa-IB,direct,341,5PTI,NA,A,45,F,0.09086635107277063,A,2.9,-1.013,-6.9,Ssym,-2.8086554997065094,-4.091344500293491,0.4913530763866717
SimBa-IB,reverse,0,1QIR,NA,A,191,Y,0.09234460690071383,C,-0.7,-0.851,2.3,Ssym,-1.4887117621240031,3.788711762124003,0.353009779932264
SimBa-IB,reverse,1,1QIS,NA,A,191,F,0.11051131690063173,C,0.3,-0.8140000000000001,1.6,Ssym,-1.7061189437915727,3.3061189437915726,0.353009779932264
SimBa-IB,reverse,2,1QIT,NA,A,191,W,0.09031274859453454,C,0.1,-1.193,3.9,Ssym,-2.1801832370384813,6.080183237038481,0.353009779932264
SimBa-IB,reverse,3,5EAA,NA,A,191,S,0.04593565135473619,C,-3.7,0.195,1.9,Ssym,0.8575476341600518,1.042452365839948,0.353009779932264
SimBa-IB,reverse,4,1BRG,NA,A,7,L,0.24144000997839615,F,0.3,0.23199999999999998,4.1,Ssym,-0.2902831029517556,4.390283102951755,0.353009779932264
SimBa-IB,reverse,5,1BRH,NA,A,14,A,0.009807202580401396,L,-3.2,0.7809999999999999,4.5,Ssym,1.566264221862068,2.9337357781379323,0.353009779932264
SimBa-IB,reverse,6,1BNS,NA,A,26,A,0.2137720779103461,T,0.5,0.275,1.7,Ssym,-0.30959246698928283,2.009592466989283,0.353009779932264
SimBa-IB,reverse,7,1BSA,NA,A,51,V,0.019769271935495953,I,-0.7,0.267,1.1,Ssym,-0.05438629017281085,1.154386290172811,0.353009779932264
SimBa-IB,reverse,8,1BRI,NA,A,76,A,0,I,-2.9,0.7809999999999999,1.7,Ssym,1.4790382523994667,0.22096174760053322,0.353009779932264
SimBa-IB,reverse,9,1BSB,NA,A,76,V,0,I,-0.7,0.267,1,Ssym,-0.05575218480589117,1.055752184805891,0.353009779932264
SimBa-IB,reverse,10,1BAO,NA,A,78,F,0.04813034627384472,Y,1,0.037000000000000005,1.1,Ssym,-0.9324984958035956,2.032498495803596,0.353009779932264
SimBa-IB,reverse,11,1BRJ,NA,A,88,A,0.005104076823897912,I,-2.9,0.7809999999999999,4,Ssym,1.4684637827796152,2.531536217220385,0.353009779932264
SimBa-IB,reverse,12,1BSC,NA,A,88,V,0,I,-0.7,0.267,1.6,Ssym,-0.05575218480589117,1.6557521848058911,0.353009779932264
SimBa-IB,reverse,13,1BSE,NA,A,89,V,0,L,-1,0.267,0.5,Ssym,0.05362783624437073,0.44637216375562927,0.353009779932264
SimBa-IB,reverse,14,1BAN,NA,A,91,A,0.012029410250150236,S,1.1,0.004,2.4,Ssym,-1.0678502686534743,3.467850268653474,0.353009779932264
SimBa-IB,reverse,15,1BRK,NA,A,96,A,0.02106775864460408,I,-2.9,0.7809999999999999,3.2,Ssym,1.435390717020955,1.7646092829790452,0.353009779932264
SimBa-IB,reverse,16,1BSD,NA,A,96,V,0.005685601867407757,I,-0.7,0.267,3.1,Ssym,-0.05535935632430308,3.155359356324303,0.353009779932264
SimBa-IB,reverse,17,1E6K,chey,A,12,A,0.010806127370742994,D,4.9,0.225,-2.5,Ssym,-2.1181971866679072,-0.38180281333209276,0.353009779932264
SimBa-IB,reverse,18,1E6L,chey,A,13,A,0.2343500927334794,D,4.9,0.225,-2.7,Ssym,-1.3076190522024969,-1.3923809477975033,0.353009779932264
SimBa-IB,reverse,19,1E6M,NA,A,57,A,0.10527457152015052,D,4.9,0.225,-3.3,Ssym,-1.775651347417795,-1.5243486525822048,0.353009779932264
SimBa-IB,reverse,20,2EXZ,nuc,A,22,C,0.07882484454418809,T,3.1,0.076,0.9,Ssym,-1.4986458691139768,2.398645869113977,0.353009779932264
SimBa-IB,reverse,21,2EY1,nuc,A,22,V,0.09954242982759284,T,2.7,-0.239,0.9,Ssym,-1.7233327030195353,2.6233327030195355,0.353009779932264
SimBa-IB,reverse,22,2F0E,nuc,A,23,L,0.0017155430035772179,V,1,-0.267,0.1,Ssym,-1.4334438280760795,1.5334438280760796,0.353009779932264
SimBa-IB,reverse,23,2F0F,nuc,A,25,I,0.0012113206903580742,L,-0.3,0,1.7,Ssym,-0.5813122812321994,2.281312281232199,0.353009779932264
SimBa-IB,reverse,24,1EY5,NA,A,33,V,0.29245755903252973,T,2.7,-0.239,-0.4,Ssym,-1.1548602019065466,0.7548602019065466,0.353009779932264
SimBa-IB,reverse,25,2EY2,nuc,A,41,C,0.09218301168626193,T,3.1,0.076,-0.6,Ssym,-1.462237112761214,0.862237112761214,0.353009779932264
SimBa-IB,reverse,26,1EY6,NA,A,41,I,0.05707973035911045,T,3.4,-0.506,-0.7,Ssym,-2.4365623734528126,1.7365623734528126,0.353009779932264
SimBa-IB,reverse,27,2EY5,nuc,A,41,S,0.11313155904098275,T,-0.6,0.271,1.1,Ssym,-0.07231133768622261,1.1723113376862226,0.353009779932264
SimBa-IB,reverse,28,2EY6,nuc,A,41,V,0.06094801716396133,T,2.7,-0.239,-0.8,Ssym,-1.8370607573525595,1.0370607573525594,0.353009779932264
SimBa-IB,reverse,29,2EYF,nuc,A,44,V,0.3034459260363933,T,2.7,-0.239,-0.1,Ssym,-1.1224802403162977,1.0224802403162976,0.353009779932264
SimBa-IB,reverse,30,1EY4,NA,A,59,A,0.1958541098669576,S,1.1,0.004,-0.5,Ssym,-0.7764401362453731,0.2764401362453731,0.353009779932264
SimBa-IB,reverse,31,2EYH,nuc,A,62,S,8.28390382746319e-4,T,-0.6,0.271,2.1,Ssym,-0.08640650629777795,2.186406506297778,0.353009779932264
SimBa-IB,reverse,32,2EYJ,nuc,A,62,V,0,T,2.7,-0.239,0.2,Ssym,-2.0166592776856542,2.2166592776856544,0.353009779932264
SimBa-IB,reverse,33,2F0G,nuc,A,66,I,0.04137058104045549,V,0.7,-0.267,1,Ssym,-1.2553584416021144,2.255358441602114,0.353009779932264
SimBa-IB,reverse,34,2F0H,nuc,A,66,L,0.020302867464882555,V,1,-0.267,0.3,Ssym,-1.3976100315433155,1.6976100315433156,0.353009779932264
SimBa-IB,reverse,35,2SNM,NA,A,66,K,0.013708246524756001,V,-5.4,-0.28600000000000003,7.5,Ssym,0.8416812574887299,6.65831874251127,0.353009779932264
SimBa-IB,reverse,36,2F0I,nuc,A,72,L,0.0817789065018626,I,0.3,0,0.2,Ssym,-0.7116333186242946,0.9116333186242946,0.353009779932264
SimBa-IB,reverse,37,2F0J,nuc,A,72,V,0.08081613042281795,I,-0.7,0.267,1.2,Ssym,-0.05016845268004374,1.2501684526800436,0.353009779932264
SimBa-IB,reverse,38,2EYL,nuc,A,82,S,0.5202099060508154,T,-0.6,0.271,0.7,Ssym,-0.021218941917067052,0.721218941917067,0.353009779932264
SimBa-IB,reverse,39,2F0D,nuc,A,92,V,0.006700626686796587,I,-0.7,0.267,0.4,Ssym,-0.0552892264299008,0.45528922642990083,0.353009779932264
SimBa-IB,reverse,40,1KAB,NA,A,116,G,0.42593333531910976,K,2.3,1.085,-1,Ssym,0.3224848724380921,-1.3224848724380922,0.353009779932264
SimBa-IB,reverse,41,1SYG,NA,A,117,A,0.5359207872486974,P,-0.1,0.24100000000000002,-0.8,Ssym,-0.05308614586492613,-0.7469138541350739,0.353009779932264
SimBa-IB,reverse,42,1SYC,NA,A,117,G,0.4111215000766127,P,-1,0.526,-0.9,Ssym,0.215131820960148,-1.115131820960148,0.353009779932264
SimBa-IB,reverse,43,1SYE,NA,A,117,T,0.4785134155988655,P,-0.6,-0.034,-1.1,Ssym,-0.2430975488033344,-0.8569024511966656,0.353009779932264
SimBa-IB,reverse,44,2EYM,nuc,A,120,C,0.3979375227478106,T,3.1,0.076,1.7,Ssym,-0.6288786603178724,2.3288786603178724,0.353009779932264
SimBa-IB,reverse,45,2EYO,nuc,A,120,S,0.42651676769517993,T,-0.6,0.271,0.6,Ssym,-0.03297836597114168,0.6329783659711417,0.353009779932264
SimBa-IB,reverse,46,2EYP,nuc,A,120,V,0.39608066365591854,T,2.7,-0.239,1.8,Ssym,-0.8495089020830217,2.6495089020830216,0.353009779932264
SimBa-IB,reverse,47,1EY7,NA,A,128,A,0.07646421603864167,S,1.1,0.004,-0.7,Ssym,-0.9657042821475469,0.26570428214754693,0.353009779932264
SimBa-IB,reverse,48,1MX2,NA,A,71,N,0.09073420501389647,F,-6.4,0.758,-0.7,Ssym,2.3393412756045406,-3.0393412756045404,0.353009779932264
SimBa-IB,reverse,49,1MX4,NA,A,82,Q,0.2854909935381094,F,-5.3,0.461,0.4,Ssym,1.0154749313500502,-0.6154749313500502,0.353009779932264
SimBa-IB,reverse,50,1MX6,NA,A,92,N,0.28101658084023834,F,-6.4,0.758,1.1,Ssym,1.5361105332204632,-0.4361105332204631,0.353009779932264
SimBa-IB,reverse,51,1HIB,NA,A,9,G,0,T,-0.4,0.56,2.6,Ssym,0.2525183639321231,2.3474816360678767,0.353009779932264
SimBa-IB,reverse,52,245L,t4 lysozyme gene,A,6,A,0.007386508103783933,M,-2.4,0.743,1.9,Ssym,1.229992707933094,0.670007292066906,0.353009779932264
SimBa-IB,reverse,53,230L,t4 lysozyme,A,6,L,0.008835871193720141,M,0.8,-0.038,2.8,Ssym,-1.02450020763687,3.82450020763687,0.353009779932264
SimBa-IB,reverse,54,1QT6,NA,A,11,H,0.2541082134821219,E,1.9,-0.14800000000000002,-0.1,Ssym,-1.0078722460640186,0.9078722460640186,0.353009779932264
SimBa-IB,reverse,55,1QT7,NA,A,11,N,0.24701583273304278,E,0.7,0.243,0.1,Ssym,-0.35869693237376277,0.45869693237376274,0.353009779932264
SimBa-IB,reverse,56,239L,t4 lysozyme gene,A,17,A,0.1306993321513395,I,-2.9,0.7809999999999999,2.7,Ssym,1.2082593897659444,1.4917406102340558,0.353009779932264
SimBa-IB,reverse,57,253L,t4 lysozyme gene,A,20,A,0.28763151257535835,D,4.9,0.225,0.3,Ssym,-1.1144187847427254,1.4144187847427254,0.353009779932264
SimBa-IB,reverse,58,255L,t4 lysozyme gene,A,20,N,0.33098330923961494,D,1.4,-0.03,-1.3,Ssym,-0.6412958429002715,-0.6587041570997285,0.353009779932264
SimBa-IB,reverse,59,254L,t4 lysozyme gene,A,20,S,0.29206700864123747,D,3.8,0.221,-0.7,Ssym,-0.9016931615401601,0.20169316154016015,0.353009779932264
SimBa-IB,reverse,60,240L,t4 lysozyme gene,A,27,A,5.065530762279474e-4,I,-2.9,0.7809999999999999,3.1,Ssym,1.4779887912921543,1.6220112087078458,0.353009779932264
SimBa-IB,reverse,61,1D2W,gene e,A,27,M,0,I,-0.5,0.038,3.1,Ssym,-0.4550953404145363,3.5550953404145362,0.353009779932264
SimBa-IB,reverse,62,241L,t4 lysozyme gene,A,29,A,0.02453155613357397,I,-2.9,0.7809999999999999,2.6,Ssym,1.4282145277549678,1.1717854722450323,0.353009779932264
SimBa-IB,reverse,63,1L61,NA,A,38,N,0.5586989124544571,S,-2.4,-0.251,-0,Ssym,-0.2958283673832881,0.2958283673832881,0.353009779932264
SimBa-IB,reverse,64,120L,NA,A,41,S,0.371187058605482,A,-1.1,-0.004,0.6,Ssym,-0.21287002415271275,0.8128700241527127,0.353009779932264
SimBa-IB,reverse,65,1QTB,NA,A,42,V,0,A,2.2,-0.514,2.7,Ssym,-2.2263520982052154,4.926352098205216,0.353009779932264
SimBa-IB,reverse,66,206L,t4 lysozyme gene,A,42,S,0,A,-1.1,-0.004,2.3,Ssym,-0.2962032980788849,2.5962032980788847,0.353009779932264
SimBa-IB,reverse,67,1L66,NA,A,43,A,0.27453785113535434,K,3.2,0.8,1,Ssym,-0.24957973350378498,1.249579733503785,0.353009779932264
SimBa-IB,reverse,68,1L68,NA,A,44,A,0.5448968777424188,S,1.1,0.004,-0.3,Ssym,-0.22311623899594005,-0.07688376100405994,0.353009779932264
SimBa-IB,reverse,69,108L,NA,A,44,I,0.646153910461475,S,4,-0.777,-0.3,Ssym,-0.30982186445819704,0.00982186445819705,0.353009779932264
SimBa-IB,reverse,70,110L,NA,A,44,L,0.6469094238599739,S,4.3,-0.777,-0.4,Ssym,-0.2946616295972787,-0.10533837040272132,0.353009779932264
SimBa-IB,reverse,71,109L,NA,A,44,K,0.6068587606086976,S,-2.1,-0.7959999999999999,-0.2,Ssym,-0.5846730045539141,0.3846730045539141,0.353009779932264
SimBa-IB,reverse,72,217L,NA,A,44,E,0.5664811820695851,S,-3.1,-0.494,-0,Ssym,-0.43038437722502026,0.43038437722502026,0.353009779932264
SimBa-IB,reverse,73,107L,NA,A,44,G,0.4762335104575478,S,0.2,0.289,0.5,Ssym,-0.06785101605948399,0.567851016059484,0.353009779932264
SimBa-IB,reverse,74,113L,NA,A,44,R,0.6425875380290718,S,-1.3,-0.8440000000000001,-0.2,Ssym,-0.5499024937432828,0.3499024937432828,0.353009779932264
SimBa-IB,reverse,75,111L,NA,A,44,N,0.6707543182918633,S,-2.4,-0.251,0.1,Ssym,-0.3202018805326236,0.42020188053262364,0.353009779932264
SimBa-IB,reverse,76,137L,NA,A,44,F,0.6359407200250922,S,4,-1.0090000000000001,-0.1,Ssym,-0.46662389365600865,0.36662389365600867,0.353009779932264
SimBa-IB,reverse,77,112L,NA,A,44,P,0.5281501422709299,S,1.2,-0.237,3,Ssym,-0.40647769784156795,3.406477697841568,0.353009779932264
SimBa-IB,reverse,78,114L,NA,A,44,T,0.6254706100362132,S,0.6,-0.271,-0,Ssym,-0.24316031630018609,0.24316031630018609,0.353009779932264
SimBa-IB,reverse,79,115L,NA,A,44,V,0.6489604764093635,S,3.3,-0.51,-0.1,Ssym,-0.203604473893863,0.10360447389386299,0.353009779932264
SimBa-IB,reverse,80,1L67,NA,A,46,A,0.008339583944034643,L,-3.2,0.7809999999999999,1.9,Ssym,1.569579509653314,0.33042049034668586,0.353009779932264
SimBa-IB,reverse,81,1L65,NA,A,47,A,0.23509916920386498,D,4.9,0.225,1,Ssym,-1.3049028750650293,2.3049028750650296,0.353009779932264
SimBa-IB,reverse,82,221L,NA,A,49,S,0.4302501811274439,A,-1.1,-0.004,0.5,Ssym,-0.19961007002998835,0.6996100700299883,0.353009779932264
SimBa-IB,reverse,83,242L,t4 lysozyme gene,A,50,A,0.26969066330612107,I,-2.9,0.7809999999999999,2,Ssym,0.9203014182406455,1.0796985817593545,0.353009779932264
SimBa-IB,reverse,84,1D2Y,gene e,A,50,M,0.1981925617548566,I,-0.5,0.038,0.4,Ssym,-0.34884159298365064,0.7488415929836507,0.353009779932264
SimBa-IB,reverse,85,243L,t4 lysozyme gene,A,58,A,0.025303893590214708,I,-2.9,0.7809999999999999,3.2,Ssym,1.4266144227304351,1.773385577269565,0.353009779932264
SimBa-IB,reverse,86,1G1V,gene e,A,58,T,0.0344696269992957,I,-3.4,0.506,3.4,Ssym,1.2013446314553142,2.198655368544686,0.353009779932264
SimBa-IB,reverse,87,1LYJ,NA,A,59,A,0.40819319918065616,T,0.5,0.275,1.5,Ssym,-0.15291079915915287,1.652910799159153,0.353009779932264
SimBa-IB,reverse,88,1LYI,NA,A,59,D,0.5147760086566309,T,-4.4,0.05,1.2,Ssym,-0.0019816275726292076,1.2019816275726292,0.353009779932264
SimBa-IB,reverse,89,1LYH,NA,A,59,G,0.3365517297268382,T,-0.4,0.56,1.6,Ssym,0.19140219712645934,1.4085978028735409,0.353009779932264
SimBa-IB,reverse,90,1LYG,NA,A,59,N,0.513261920043534,T,-3,0.02,1.1,Ssym,-0.08091649141518575,1.1809164914151857,0.353009779932264
SimBa-IB,reverse,91,1LYF,NA,A,59,S,0.434511121313714,T,-0.6,0.271,0.2,Ssym,-0.03197499479702509,0.2319749947970251,0.353009779932264
SimBa-IB,reverse,92,1LYE,NA,A,59,V,0.550034642415362,T,2.7,-0.239,1.5,Ssym,-0.3958451395654415,1.8958451395654414,0.353009779932264
SimBa-IB,reverse,93,1D3J,gene e,A,66,M,0.04241356490441966,L,-0.8,0.038,1,Ssym,-0.33091613579601664,1.3309161357960166,0.353009779932264
SimBa-IB,reverse,94,246L,t4 lysozyme gene,A,67,A,0.0628259931777855,F,-2.9,1.013,1.9,Ssym,1.6577941108204675,0.24220588917953245,0.353009779932264
SimBa-IB,reverse,95,1L76,NA,A,72,P,0.34999794490633523,D,5,-0.016,2.7,Ssym,-1.1203693364758522,3.8203693364758524,0.353009779932264
SimBa-IB,reverse,96,122L,NA,A,73,S,0.4625510457518803,A,-1.1,-0.004,0.4,Ssym,-0.1923583710889935,0.5923583710889935,0.353009779932264
SimBa-IB,reverse,97,127L,NA,A,75,T,0.24019550614550886,V,-2.7,0.239,1.3,Ssym,0.36043765967378416,0.9395623403262159,0.353009779932264
SimBa-IB,reverse,98,1CTW,NA,A,78,A,0,I,-2.9,0.7809999999999999,1.2,Ssym,1.4790382523994667,-0.2790382523994668,0.353009779932264
SimBa-IB,reverse,99,1CU0,NA,A,78,M,4.7300666399298895e-4,I,-0.5,0.038,1.5,Ssym,-0.4548417550621698,1.9548417550621697,0.353009779932264
SimBa-IB,reverse,100,1P2R,NA,A,78,V,0,I,-0.7,0.267,0.8,Ssym,-0.05575218480589117,0.8557521848058912,0.353009779932264
SimBa-IB,reverse,101,123L,NA,A,82,S,0.799059245826037,A,-1.1,-0.004,0.3,Ssym,-0.11681066713472446,0.4168106671347245,0.353009779932264
SimBa-IB,reverse,102,247L,t4 lysozyme gene,A,84,A,0.05896758973840849,L,-3.2,0.7809999999999999,2.6,Ssym,1.4552130077937149,1.1447869922062852,0.353009779932264
SimBa-IB,reverse,103,1CU2,NA,A,84,M,0,L,-0.8,0.038,1.9,Ssym,-0.34571531936427446,2.2457153193642743,0.353009779932264
SimBa-IB,reverse,104,236L,t4 lysozyme gene,A,87,A,0.0020280040114151257,V,-2.2,0.514,1.7,Ssym,0.8407222074945081,0.8592777925054919,0.353009779932264
SimBa-IB,reverse,105,1CU3,NA,A,87,M,0.003994119713100921,V,0.2,-0.22899999999999998,2.3,Ssym,-1.0854252645716314,3.385425264571631,0.353009779932264
SimBa-IB,reverse,106,1P2L,NA,A,87,I,0.043920664608070495,V,0.7,-0.267,0.3,Ssym,-1.25091957738823,1.55091957738823,0.353009779932264
SimBa-IB,reverse,107,128L,NA,A,87,T,0,V,-2.7,0.239,1.6,Ssym,0.6335359556859397,0.9664640443140604,0.353009779932264
SimBa-IB,reverse,108,1CU6,NA,A,91,A,0.12072122234383702,L,-3.2,0.7809999999999999,3.9,Ssym,1.3157141903429477,2.584285809657052,0.353009779932264
SimBa-IB,reverse,109,1CU5,NA,A,91,M,0.0376005738166221,L,-0.8,0.038,0.8,Ssym,-0.3325955121649029,1.132595512164903,0.353009779932264
SimBa-IB,reverse,110,1L55,NA,A,92,N,0.5053859466356377,D,1.4,-0.03,1.4,Ssym,-0.3233144138879471,1.723314413887947,0.353009779932264
SimBa-IB,reverse,111,224L,NA,A,93,S,0.763627085435331,A,-1.1,-0.004,0.2,Ssym,-0.12476535698497883,0.3247653569849788,0.353009779932264
SimBa-IB,reverse,112,1QSB,NA,A,98,C,0,A,2.6,-0.19899999999999998,1,Ssym,-1.9231821280356887,2.9231821280356884,0.353009779932264
SimBa-IB,reverse,113,1QS5,NA,A,98,L,0,A,3.2,-0.7809999999999999,4.3,Ssym,-2.9715415954494433,7.271541595449444,0.353009779932264
SimBa-IB,reverse,114,125L,NA,A,98,S,0,A,-1.1,-0.004,2.5,Ssym,-0.2962032980788849,2.796203298078885,0.353009779932264
SimBa-IB,reverse,115,1QS9,NA,A,98,V,0,A,2.2,-0.514,3.2,Ssym,-2.2263520982052154,5.426352098205216,0.353009779932264
SimBa-IB,reverse,116,1L90,NA,A,99,A,0.14004133482418288,L,-3.2,0.7809999999999999,4.5,Ssym,1.2720708817582618,3.2279291182417382,0.353009779932264
SimBa-IB,reverse,117,1L91,NA,A,99,F,0.001096240480821878,L,-0.3,-0.23199999999999998,0.3,Ssym,-0.9117142198657358,1.2117142198657358,0.353009779932264
SimBa-IB,reverse,118,1L92,NA,A,99,I,0.002403913812490525,L,-0.3,0,1.5,Ssym,-0.5804563631955596,2.0804563631955597,0.353009779932264
SimBa-IB,reverse,119,1L93,NA,A,99,M,0.006461254666460122,L,-0.8,0.038,0.6,Ssym,-0.34346082144348683,0.9434608214434868,0.353009779932264
SimBa-IB,reverse,120,1L94,NA,A,99,V,0.013015902524696924,L,-1,0.267,2,Ssym,0.05209070788903354,1.9479092921109664,0.353009779932264
SimBa-IB,reverse,121,244L,t4 lysozyme gene,A,100,A,0.028113214887363472,I,-2.9,0.7809999999999999,3.4,Ssym,1.4207941571399938,1.9792058428600061,0.353009779932264
SimBa-IB,reverse,122,1CUP,NA,A,100,M,0.07766237940804789,I,-0.5,0.038,1.6,Ssym,-0.4134594749035436,2.0134594749035437,0.353009779932264
SimBa-IB,reverse,123,1P36,NA,A,100,V,0.028019517567286597,I,-0.7,0.267,0.4,Ssym,-0.053816265830648635,0.45381626583064866,0.353009779932264
SimBa-IB,reverse,124,1I6S,gene e,A,101,A,0.02405217788207618,N,3.5,0.255,1.5,Ssym,-1.5390525747269153,3.0390525747269153,0.353009779932264
SimBa-IB,reverse,125,1L77,NA,A,102,L,0.0075018225933205646,M,0.8,-0.038,1,Ssym,-1.0264490393337744,2.0264490393337744,0.353009779932264
SimBa-IB,reverse,126,238L,t4 lysozyme gene,A,103,A,0.05514018901151222,V,-2.2,0.514,2.2,Ssym,0.775076705639312,1.4249232943606882,0.353009779932264
SimBa-IB,reverse,127,1P7S,NA,A,103,I,0.09008339881392687,V,0.7,-0.267,0.5,Ssym,-1.1705653052836995,1.6705653052836995,0.353009779932264
SimBa-IB,reverse,128,1CUQ,NA,A,103,M,0.05226562226917211,V,0.2,-0.22899999999999998,1.2,Ssym,-1.0192013581407993,2.219201358140799,0.353009779932264
SimBa-IB,reverse,129,1CV0,NA,A,104,M,0.17702143958458327,F,-0.5,0.27,0.4,Ssym,-0.0908679765348803,0.49086797653488035,0.353009779932264
SimBa-IB,reverse,130,1G1W,gene e,A,105,M,0.34329074699745027,Q,4.8,-0.191,1.2,Ssym,-1.2771133511917452,2.477113351191745,0.353009779932264
SimBa-IB,reverse,131,1P46,NA,A,106,I,0.2956959355453011,M,0.5,-0.038,-0.2,Ssym,-0.5514142255311222,0.35141422553112217,0.353009779932264
SimBa-IB,reverse,132,234L,t4 lysozyme,A,106,L,0.3247917271225177,M,0.8,-0.038,-0.5,Ssym,-0.5629392220234584,0.06293922202345836,0.353009779932264
SimBa-IB,reverse,133,231L,t4 lysozyme,A,106,K,0.3072857897197079,M,-5.6,-0.057,3.4,Ssym,0.4994722283193355,2.9005277716806646,0.353009779932264
SimBa-IB,reverse,134,1L62,NA,A,109,D,0.8958830957161676,T,-4.4,0.05,-0.6,Ssym,-0.731902123634114,0.13190212363411402,0.353009779932264
SimBa-IB,reverse,135,1L59,NA,A,109,N,0.8751360488494341,T,-3,0.02,-0.1,Ssym,-0.44166373699957273,0.34166373699957275,0.353009779932264
SimBa-IB,reverse,136,235L,t4 lysozyme gene,A,111,A,0.004216659990086995,V,-2.2,0.514,1.3,Ssym,0.8380170764571008,0.46198292354289927,0.353009779932264
SimBa-IB,reverse,137,2L78,NA,A,111,I,0.011048808283302318,V,0.7,-0.267,0.9,Ssym,-1.3081387636678499,2.20813876366785,0.353009779932264
SimBa-IB,reverse,138,1CV1,NA,A,111,M,0.016221625753500155,V,0.2,-0.22899999999999998,0.7,Ssym,-1.0686502902488155,1.7686502902488155,0.353009779932264
SimBa-IB,reverse,139,1TLA,NA,A,117,F,0.0010208514410175646,S,4,-1.0090000000000001,-1.1,Ssym,-3.583208386156531,2.483208386156531,0.353009779932264
SimBa-IB,reverse,140,1CVK,gene e,A,118,A,0.20757672613690814,L,-3.2,0.7809999999999999,3.2,Ssym,1.119511318430293,2.0804886815697072,0.353009779932264
SimBa-IB,reverse,141,1CV4,gene e,A,118,M,0.05887736163711596,L,-0.8,0.038,0.7,Ssym,-0.3251714937074129,1.0251714937074128,0.353009779932264
SimBa-IB,reverse,142,233L,t4 lysozyme,A,120,L,0.10915902072278948,M,0.8,-0.038,-0.5,Ssym,-0.8779441273883872,0.37794412738838723,0.353009779932264
SimBa-IB,reverse,143,232L,t4 lysozyme,A,120,K,0.26732421797274447,M,-5.6,-0.057,1.6,Ssym,0.5995403550718232,1.0004596449281768,0.353009779932264
SimBa-IB,reverse,144,1P6Y,NA,A,120,Y,0.19806226041224193,M,-0.5,-0.307,0.1,Ssym,-0.7385660681983041,0.838566068198304,0.353009779932264
SimBa-IB,reverse,145,1CV3,gene e,A,121,M,0.009672304494978539,L,-0.8,0.038,0.8,Ssym,-0.3423404035779724,1.1423404035779725,0.353009779932264
SimBa-IB,reverse,146,1QTC,NA,A,129,F,0.015074984491873809,A,2.9,-1.013,1.2,Ssym,-3.1291202228748154,4.329120222874815,0.353009779932264
SimBa-IB,reverse,147,1QTD,NA,A,129,W,0.003347544289010142,A,2.7,-1.392,2.2,Ssym,-3.644545869773177,5.844545869773177,0.353009779932264
SimBa-IB,reverse,148,118L,NA,A,130,S,0.08681613440482286,A,-1.1,-0.004,-1,Ssym,-0.27671265975558634,-0.7232873402444137,0.353009779932264
SimBa-IB,reverse,149,1P64,NA,A,133,F,0,L,-0.3,-0.23199999999999998,0.3,Ssym,-0.9128810672222235,1.2128810672222234,0.353009779932264
SimBa-IB,reverse,150,1CV5,gene e,A,133,M,0.00782858110082444,L,-0.8,0.038,0.4,Ssym,-0.342983726086247,0.7429837260862471,0.353009779932264
SimBa-IB,reverse,151,119L,NA,A,134,S,0.2718529395075259,A,-1.1,-0.004,0.1,Ssym,-0.2351710100440423,0.3351710100440423,0.353009779932264
SimBa-IB,reverse,152,1L39,NA,A,144,E,0.6546767674294398,N,-0.7,-0.243,-0.5,Ssym,-0.23851203868155943,-0.26148796131844054,0.353009779932264
SimBa-IB,reverse,153,237L,t4 lysozyme gene,A,149,A,0.012667455735684726,V,-2.2,0.514,3.2,Ssym,0.8275720772955241,2.372427922704476,0.353009779932264
SimBa-IB,reverse,154,1G07,NA,A,149,C,0.0020564327407347574,V,0.4,0.315,2,Ssym,-0.38698567906771264,2.3869856790677124,0.353009779932264
SimBa-IB,reverse,155,1G0P,NA,A,149,G,0.08977093903298636,V,-3.1,0.799,4.9,Ssym,1.3780137587331749,3.5219862412668252,0.353009779932264
SimBa-IB,reverse,156,1G0Q,NA,A,149,I,0.0029325180341945576,V,0.7,-0.267,0.1,Ssym,-1.3222665792397752,1.4222665792397753,0.353009779932264
SimBa-IB,reverse,157,1CV6,gene e,A,149,M,0,V,0.2,-0.22899999999999998,2.8,Ssym,-1.0909048166085025,3.8909048166085025,0.353009779932264
SimBa-IB,reverse,158,126L,NA,A,149,T,0.004416367711322133,V,-2.7,0.239,2.8,Ssym,0.6285146190428033,2.1714853809571966,0.353009779932264
SimBa-IB,reverse,159,1G06,NA,A,149,S,0.009230758056765641,V,-3.3,0.51,4.4,Ssym,1.2208977177748508,3.1791022822251493,0.353009779932264
SimBa-IB,reverse,160,1G0G,NA,A,152,A,0.007311780128239342,T,0.5,0.275,1.5,Ssym,-0.47597636389228737,1.9759763638922874,0.353009779932264
SimBa-IB,reverse,161,1G0K,NA,A,152,C,8.032824084180221e-4,T,3.1,0.076,0.5,Ssym,-1.7112998968597484,2.2112998968597486,0.353009779932264
SimBa-IB,reverse,162,1G0M,NA,A,152,I,8.759869191087196e-4,T,3.4,-0.506,0.4,Ssym,-2.649155298055353,3.049155298055353,0.353009779932264
SimBa-IB,reverse,163,1G0J,NA,A,152,S,0.0016411595989744906,T,-0.6,0.271,2,Ssym,-0.08630449564855151,2.0863044956485517,0.353009779932264
SimBa-IB,reverse,164,1G0L,NA,A,152,V,8.400416433376794e-4,T,2.7,-0.239,-0.2,Ssym,-2.014183885651886,1.8141838856518862,0.353009779932264
SimBa-IB,reverse,165,1L85,NA,A,153,A,0.04461945393111395,F,-2.9,1.013,3.8,Ssym,1.7018263084770682,2.0981736915229314,0.353009779932264
SimBa-IB,reverse,166,1L86,NA,A,153,I,8.660052539833518e-4,F,0,0.23199999999999998,0.2,Ssym,-0.3603788558855701,0.5603788558855701,0.353009779932264
SimBa-IB,reverse,167,1L87,NA,A,153,L,0.014941009939452327,F,0.3,0.23199999999999998,-0.3,Ssym,-0.459105859130538,0.15910585913053799,0.353009779932264
SimBa-IB,reverse,168,1L88,NA,A,153,M,0.011550216535624885,F,-0.5,0.27,0.6,Ssym,-0.12220829717452782,0.7222082971745278,0.353009779932264
SimBa-IB,reverse,169,1L95,NA,A,153,V,0.0026208788860547123,F,-0.7,0.499,1.8,Ssym,0.2742196302240348,1.5257803697759653,0.353009779932264
SimBa-IB,reverse,170,1OUG,human lysozyme with val 2 repl,A,2,A,0.7478157067445448,V,-2.2,0.514,1.5,Ssym,-0.08105512144160443,1.5810551214416044,0.353009779932264
SimBa-IB,reverse,171,1GAY,NA,A,2,G,0.7285818450087206,V,-3.1,0.799,1.3,Ssym,-0.04235766180093292,1.342357661800933,0.353009779932264
SimBa-IB,reverse,172,1GF8,NA,A,2,S,0.6503156593956118,V,-3.3,0.51,1.4,Ssym,-0.007649371446509623,1.4076493714465095,0.353009779932264
SimBa-IB,reverse,173,1GF9,NA,A,2,Y,0.7078918599622792,V,-0.3,-0.536,0.4,Ssym,-0.27112031096752764,0.6711203109675277,0.353009779932264
SimBa-IB,reverse,174,1GFA,NA,A,2,D,0.7287949605325391,V,-7.1,0.289,1.4,Ssym,-0.5748885548419473,1.9748885548419473,0.353009779932264
SimBa-IB,reverse,175,1GFE,NA,A,2,N,0.6632000655345712,V,-5.7,0.259,1.3,Ssym,-0.25945596120393577,1.5594559612039358,0.353009779932264
SimBa-IB,reverse,176,1GFG,NA,A,2,R,0.7889923679788823,V,-4.6,-0.33399999999999996,0.4,Ssym,-0.6473034549961293,1.0473034549961293,0.353009779932264
SimBa-IB,reverse,177,1GB0,NA,A,2,L,0.6222359473380938,V,1,-0.267,-0.3,Ssym,-0.23716611959571496,-0.06283388040428503,0.353009779932264
SimBa-IB,reverse,178,1GB2,NA,A,2,M,0.7817452551675094,V,0.2,-0.22899999999999998,0.2,Ssym,-0.01842474265958971,0.21842474265958972,0.353009779932264
SimBa-IB,reverse,179,1GB3,NA,A,2,F,0.6999005535483265,V,0.7,-0.499,0.8,Ssym,-0.1971070449343414,0.9971070449343414,0.353009779932264
SimBa-IB,reverse,180,1WQN,NA,A,20,F,0.22651298585629168,Y,1,0.037000000000000005,0.5,Ssym,-0.6696431031271197,1.1696431031271197,0.353009779932264
SimBa-IB,reverse,181,2HEB,human lysozyme with ile 23 rep,A,23,A,0.09603276959436523,I,-2.9,0.7809999999999999,2.5,Ssym,1.2800805094769614,1.2199194905230386,0.353009779932264
SimBa-IB,reverse,182,1YAN,human lysozyme with ile 23,A,23,V,0.0724377646325883,I,-0.7,0.267,0.4,Ssym,-0.05074732907489511,0.4507473290748951,0.353009779932264
SimBa-IB,reverse,183,1WQO,NA,A,38,F,0.1099360932105588,Y,1,0.037000000000000005,0.2,Ssym,-0.841424757245062,1.0414247572450621,0.353009779932264
SimBa-IB,reverse,184,1WQP,NA,A,45,F,0.5812984888948608,Y,1,0.037000000000000005,-0.1,Ssym,-0.14684961304636934,0.04684961304636934,0.353009779932264
SimBa-IB,reverse,185,1LHL,NA,A,47,P,0.7716655738518028,A,0.1,-0.24100000000000002,-0.1,Ssym,-0.047208459975681794,-0.05279154002431821,0.353009779932264
SimBa-IB,reverse,186,1WQQ,NA,A,54,F,0.10144403302248708,Y,1,0.037000000000000005,1,Ssym,-0.8539382160692665,1.8539382160692663,0.353009779932264
SimBa-IB,reverse,187,2HEC,human lysozyme with ile 56 rep,A,56,A,0.0378927839698748,I,-2.9,0.7809999999999999,3.7,Ssym,1.4005331462410087,2.2994668537589913,0.353009779932264
SimBa-IB,reverse,188,1OUA,human lysozyme with ile 56 rep,A,56,T,0.00916925523319909,I,-3.4,0.506,4.3,Ssym,1.251256559169805,3.0487434408301946,0.353009779932264
SimBa-IB,reverse,189,1YAO,human lysozyme with ile 56,A,56,V,0.009396725880145593,I,-0.7,0.267,1.2,Ssym,-0.055102948076784744,1.2551029480767848,0.353009779932264
SimBa-IB,reverse,190,2HED,human lysozyme with ile 59 rep,A,59,A,0.07940909616584739,I,-2.9,0.7809999999999999,1.7,Ssym,1.314520925580641,0.385479074419359,0.353009779932264
SimBa-IB,reverse,191,2HEE,human lysozyme with ile 59 rep,A,59,G,0.12455956319667028,I,-3.8,1.0659999999999998,3.8,Ssym,1.8323662949500885,1.9676337050499113,0.353009779932264
SimBa-IB,reverse,192,1YAP,human lysozyme with ile 59,A,59,V,0.04015065877715672,I,-0.7,0.267,1.1,Ssym,-0.052978103417497265,1.1529781034174973,0.353009779932264
SimBa-IB,reverse,193,1WQR,NA,A,63,F,0.5184445036497664,Y,1,0.037000000000000005,0.2,Ssym,-0.23946798113170426,0.43946798113170427,0.353009779932264
SimBa-IB,reverse,194,1LHI,NA,A,71,G,0.6411089976225091,P,-1,0.526,1.6,Ssym,0.09895140558869497,1.501048594411305,0.353009779932264
SimBa-IB,reverse,195,1OUH,human lysozyme with val 74 rep,A,74,A,0.5357445184982205,V,-2.2,0.514,0.4,Ssym,0.1810602402486045,0.2189397597513955,0.353009779932264
SimBa-IB,reverse,196,1GB5,NA,A,74,G,0.4197340055993211,V,-3.1,0.799,0.1,Ssym,0.644353601715727,-0.544353601715727,0.353009779932264
SimBa-IB,reverse,197,1GB6,NA,A,74,I,0.6284777021698665,V,0.7,-0.267,1.9,Ssym,-0.23339632914657749,2.1333963291465774,0.353009779932264
SimBa-IB,reverse,198,1GB7,NA,A,74,L,0.6428615438373698,V,1,-0.267,0.4,Ssym,-0.1974028158528569,0.5974028158528569,0.353009779932264
SimBa-IB,reverse,199,1GB8,NA,A,74,M,0.6888655650502014,V,0.2,-0.22899999999999998,0.4,Ssym,-0.1458468360677783,0.5458468360677783,0.353009779932264
SimBa-IB,reverse,200,1GB9,NA,A,74,F,0.6829732336939671,V,0.7,-0.499,-0,Ssym,-0.23244091724704996,0.23244091724704996,0.353009779932264
SimBa-IB,reverse,201,1GFH,NA,A,74,Y,0.7079158935217803,V,-0.3,-0.536,0.3,Ssym,-0.27108381066861664,0.5710838106686167,0.353009779932264
SimBa-IB,reverse,202,1GFJ,NA,A,74,D,0.6653729719165462,V,-7.1,0.289,0.4,Ssym,-0.3239195144850663,0.7239195144850663,0.353009779932264
SimBa-IB,reverse,203,1GFK,NA,A,74,N,0.6873199590752455,V,-5.7,0.259,0.3,Ssym,-0.33275034223830496,0.632750342238305,0.353009779932264
SimBa-IB,reverse,204,1GFR,NA,A,74,R,0.8216539818803973,V,-4.6,-0.33399999999999996,0.1,Ssym,-0.6951914316840515,0.7951914316840515,0.353009779932264
SimBa-IB,reverse,205,1B7S,NA,A,74,S,0.58932748127565,V,-3.3,0.51,0.4,Ssym,0.10922570789121172,0.2907742921087883,0.353009779932264
SimBa-IB,reverse,206,1HNL,NA,A,77,A,0.29864469841995706,C,-2.6,0.19899999999999998,4.6,Ssym,0.23699141078210534,4.363008589217895,0.353009779932264
SimBa-IB,reverse,207,2HEF,human lysozyme with ile 89 rep,A,89,A,0.06458004632861182,I,-2.9,0.7809999999999999,2.7,Ssym,1.3452432956399845,1.3547567043600157,0.353009779932264
SimBa-IB,reverse,208,1YAQ,human lysozyme with ile 89,A,89,V,0.04262186618462521,I,-0.7,0.267,0.5,Ssym,-0.05280736324324587,0.5528073632432459,0.353009779932264
SimBa-IB,reverse,209,1LHK,NA,A,91,P,0.2566571756075851,D,5,-0.016,0.4,Ssym,-1.4982682023877079,1.8982682023877078,0.353009779932264
SimBa-IB,reverse,210,1OUI,human lysozyme with val 93 rep,A,93,A,0.01442162627154321,V,-2.2,0.514,0.7,Ssym,0.8254039607858037,-0.12540396078580374,0.353009779932264
SimBa-IB,reverse,211,1OUJ,human lysozyme with val 99 rep,A,99,A,0.02644963678211105,V,-2.2,0.514,1,Ssym,0.810537602222616,0.18946239777738405,0.353009779932264
SimBa-IB,reverse,212,1OUB,human lysozyme with val 100,A,100,A,0.027834134279691745,V,-2.2,0.514,0.3,Ssym,0.8088263935226581,-0.508826393522658,0.353009779932264
SimBa-IB,reverse,213,1LHJ,NA,A,103,G,1.1977036306963165,P,-1,0.526,0.1,Ssym,-0.18221777253644134,0.2822177725364413,0.353009779932264
SimBa-IB,reverse,214,2HEA,human lysozyme with ile 106,A,106,A,0.07809907695480586,I,-2.9,0.7809999999999999,0.9,Ssym,1.317234983151977,-0.41723498315197693,0.353009779932264
SimBa-IB,reverse,215,1YAM,human lysozyme with ile 106,A,106,V,0.08452974933648232,I,-0.7,0.267,0.7,Ssym,-0.04991187205532314,0.7499118720553231,0.353009779932264
SimBa-IB,reverse,216,1OUC,human lysozyme with val 110,A,110,A,0.5253642957199253,V,-2.2,0.514,-0.5,Ssym,0.19388996912623735,-0.6938899691262373,0.353009779932264
SimBa-IB,reverse,217,1GFU,NA,A,110,D,0.5726691180247416,V,-7.1,0.289,-0.2,Ssym,0.04292166719847115,-0.24292166719847116,0.353009779932264
SimBa-IB,reverse,218,1GBO,NA,A,110,G,0.50285588474132,V,-3.1,0.799,2.2,Ssym,0.4595353081487882,1.740464691851212,0.353009779932264
SimBa-IB,reverse,219,1GBW,NA,A,110,I,0.579472775354752,V,0.7,-0.267,0.8,Ssym,-0.31869793208466285,1.1186979320846628,0.353009779932264
SimBa-IB,reverse,220,1GBX,NA,A,110,L,0.6615535263497261,V,1,-0.267,-0.1,Ssym,-0.16136725304035338,0.06136725304035337,0.353009779932264
SimBa-IB,reverse,221,1GBY,NA,A,110,M,0.6719209542880257,V,0.2,-0.22899999999999998,-0.4,Ssym,-0.16909322903675092,-0.2309067709632491,0.353009779932264
SimBa-IB,reverse,222,1GFV,NA,A,110,N,0.6674627917421165,V,-5.7,0.259,-0.1,Ssym,-0.27240933010559115,0.17240933010559115,0.353009779932264
SimBa-IB,reverse,223,1INU,NA,A,110,R,0.8116493191940616,V,-4.6,-0.33399999999999996,-0.9,Ssym,-0.6805227427779118,-0.21947725722208822,0.353009779932264
SimBa-IB,reverse,224,1GBZ,NA,A,110,F,0.7419429253136083,V,0.7,-0.499,1.9,Ssym,-0.10934833248256959,2.0093483324825696,0.353009779932264
SimBa-IB,reverse,225,1LHH,NA,A,110,P,0.5831047344845279,V,-2.1,0.273,-0.5,Ssym,-0.011067888505614493,-0.48893211149438554,0.353009779932264
SimBa-IB,reverse,226,1GFT,NA,A,110,Y,0.769504991350972,V,-0.3,-0.536,0.1,Ssym,-0.17754708422875276,0.27754708422875274,0.353009779932264
SimBa-IB,reverse,227,1OUD,human lysozyme with val 121,A,121,A,0.11692158779068249,V,-2.2,0.514,1.4,Ssym,0.6987162446986215,0.7012837553013784,0.353009779932264
SimBa-IB,reverse,228,1WQM,NA,A,124,F,0.09317111890853447,Y,1,0.037000000000000005,0.4,Ssym,-0.8661287526208725,1.2661287526208724,0.353009779932264
SimBa-IB,reverse,229,1OUE,human lysozyme with val 125,A,125,A,0.10218719057915726,V,-2.2,0.514,1.3,Ssym,0.7169276381760809,0.5830723618239192,0.353009779932264
SimBa-IB,reverse,230,1OUF,human lysozyme with val 130,A,130,A,0.5254920489225808,V,-2.2,0.514,0.8,Ssym,0.19373206895508233,0.6062679310449177,0.353009779932264
SimBa-IB,reverse,231,1DMQ,NA,A,32,F,1.4854151764167635e-4,Y,1,0.037000000000000005,-0.2,Ssym,-1.003201991166374,0.8032019911663741,0.353009779932264
SimBa-IB,reverse,232,1DMM,NA,A,57,F,0.05730957261872321,Y,1,0.037000000000000005,1.2,Ssym,-0.9189724646214292,2.118972464621429,0.353009779932264
SimBa-IB,reverse,233,1RGC,NA,A,25,K,0.5462325457132872,Q,-0.8,-0.248,-1.4,Ssym,-0.3293259931146608,-1.070674006885339,0.353009779932264
SimBa-IB,reverse,234,1VQG,NA,A,47,L,0.012983273213123377,I,0.3,0,0.4,Ssym,-0.7867630272823646,1.1867630272823646,0.353009779932264
SimBa-IB,reverse,235,1VQH,NA,A,47,M,0.020840688239169597,I,-0.5,0.038,1.7,Ssym,-0.44392236194933266,2.1439223619493326,0.353009779932264
SimBa-IB,reverse,236,1VQI,NA,A,47,V,0.021455823154214213,I,-0.7,0.267,2,Ssym,-0.054269763309020454,2.0542697633090206,0.353009779932264
SimBa-IB,reverse,237,1VQJ,NA,A,35,I,0.06321117458807277,V,0.7,-0.267,0.6,Ssym,-1.2173410878417503,1.8173410878417502,0.353009779932264
SimBa-IB,reverse,238,1YHB,NA,A,41,F,0.834707661274019,Y,1,0.037000000000000005,3.2,Ssym,0.22656098155780885,2.9734390184421913,0.353009779932264
SimBa-IB,reverse,239,149L,NA,A,3,L,0.138220812305785,I,0.3,0,-0.7,Ssym,-0.6499947561684852,-0.05000524383151472,0.353009779932264
SimBa-IB,reverse,240,172L,NA,A,3,C,0.13723321798019703,I,-0.3,0.5820000000000001,-0,Ssym,0.22654774822317125,-0.22654774822317125,0.353009779932264
SimBa-IB,reverse,241,1L96,NA,A,3,P,0.2260300788938689,I,-2.8,0.54,3,Ssym,0.7262789075583798,2.2737210924416202,0.353009779932264
SimBa-IB,reverse,242,1L18,NA,A,3,Y,0.3121261558464403,I,-1,-0.26899999999999996,2.3,Ssym,-0.4972412375549329,2.7972412375549327,0.353009779932264
SimBa-IB,reverse,243,1L17,NA,A,3,V,0.11887756066752712,I,-0.7,0.267,0.4,Ssym,-0.04753871985689083,0.44753871985689087,0.353009779932264
SimBa-IB,reverse,244,150L,NA,A,6,I,0.022303285174763317,M,0.5,-0.038,1.4,Ssym,-0.8996213550736498,2.2996213550736497,0.353009779932264
SimBa-IB,reverse,245,1L42,NA,A,16,E,0.6365030199394691,K,-1,0.302,-0.5,Ssym,-0.0049435899627733315,-0.49505641003722667,0.353009779932264
SimBa-IB,reverse,246,1L19,NA,A,38,D,0.4896876011849182,S,-3.8,-0.221,-0.6,Ssym,-0.17733263939225977,-0.42266736060774024,0.353009779932264
SimBa-IB,reverse,247,1L21,NA,A,55,G,0.6082868930348665,N,2.6,0.54,0.6,Ssym,0.17656871366105015,0.42343128633894983,0.353009779932264
SimBa-IB,reverse,248,1L56,NA,A,60,P,0.5142160415409464,K,3.3,0.5589999999999999,-0,Ssym,-0.0033922227743267697,0.0033922227743267697,0.353009779932264
SimBa-IB,reverse,249,1L23,NA,A,77,A,0.10732380045200857,G,0.9,-0.285,-0.4,Ssym,-1.2228529356828834,0.8228529356828834,0.353009779932264
SimBa-IB,reverse,250,1L24,NA,A,82,P,0.8137678070905174,A,0.1,-0.24100000000000002,-0.8,Ssym,0.008679823616005555,-0.8086798236160055,0.353009779932264
SimBa-IB,reverse,251,3C81,e,A,85,A,0.16807924544947797,K,3.2,0.8,0.6,Ssym,-0.4311972327467024,1.0311972327467025,0.353009779932264
SimBa-IB,reverse,252,3C83,e,A,89,A,0.4984420654626313,D,4.9,0.225,0.5,Ssym,-0.3500124434321492,0.8500124434321492,0.353009779932264
SimBa-IB,reverse,253,3C7Y,e,A,96,A,0.08614698004619466,R,2.4,0.848,2,Ssym,-0.2600538314151907,2.2600538314151906,0.353009779932264
SimBa-IB,reverse,254,3C8Q,e,A,96,D,0.1236502643456707,R,-2.5,0.623,3.5,Ssym,0.9118635720568053,2.5881364279431947,0.353009779932264
SimBa-IB,reverse,255,3CDV,e,A,96,M,0.24900356234083715,R,4.8,0.105,2.7,Ssym,-1.3599583943287616,4.059958394328762,0.353009779932264
SimBa-IB,reverse,256,3C8S,e,A,96,E,0.21178761205299326,R,-1.8,0.35,2.5,Ssym,0.3066195035656847,2.1933804964343153,0.353009779932264
SimBa-IB,reverse,257,3C8R,e,A,96,G,0.03742807681014269,R,1.5,1.133,2.6,Ssym,0.38207343447986664,2.2179265655201332,0.353009779932264
SimBa-IB,reverse,258,3CDR,e,A,96,Q,0.2006214758410773,R,0,0.29600000000000004,0.3,Ssym,-0.17684243746998984,0.47684243746998983,0.353009779932264
SimBa-IB,reverse,259,3F8V,gene e,A,96,H,0.22785482604913573,R,0.1,0.20199999999999999,3.1,Ssym,-0.28847066796765564,3.3884706679676557,0.353009779932264
SimBa-IB,reverse,260,3CDT,e,A,96,N,0.09286793095504901,R,-1.1,0.593,3,Ssym,0.4927711152292519,2.5072288847707482,0.353009779932264
SimBa-IB,reverse,261,3C7W,e,A,96,K,0.2500997117192618,R,-0.8,0.048,-0,Ssym,-0.24793243685644603,0.24793243685644603,0.353009779932264
SimBa-IB,reverse,262,3CDQ,e,A,96,S,0.09524810006518025,R,1.3,0.8440000000000001,2.6,Ssym,0.08083039865075192,2.5191696013492484,0.353009779932264
SimBa-IB,reverse,263,3C80,e,A,96,Y,0.26257044474620317,R,4.3,-0.20199999999999999,4.7,Ssym,-1.5259345626070342,6.225934562607034,0.353009779932264
SimBa-IB,reverse,264,3CDO,e,A,96,V,0.14059220198653943,R,4.6,0.33399999999999996,2.4,Ssym,-1.4320556673325189,3.8320556673325186,0.353009779932264
SimBa-IB,reverse,265,3FI5,gene e,A,96,W,0.2511592954517414,R,5.1,-0.544,4.5,Ssym,-2.0957591800024273,6.595759180002427,0.353009779932264
SimBa-IB,reverse,266,1L48,NA,A,98,V,0,A,2.2,-0.514,4.9,Ssym,-2.2263520982052154,7.126352098205215,0.353009779932264
SimBa-IB,reverse,267,1L00,NA,A,105,A,0.40098122515206813,Q,2.4,0.552,0.6,Ssym,-0.14723811163925932,0.7472381116392592,0.353009779932264
SimBa-IB,reverse,268,1L98,NA,A,105,E,0.3618628993998937,Q,-1.8,0.054000000000000006,1.1,Ssym,-0.06648567072850993,1.16648567072851,0.353009779932264
SimBa-IB,reverse,269,1L99,NA,A,105,G,0.5927624108961291,Q,1.5,0.8370000000000001,1.5,Ssym,0.30433103683912843,1.1956689631608715,0.353009779932264
SimBa-IB,reverse,270,1L60,NA,A,113,A,0.7986941084395581,G,0.9,-0.285,-0.3,Ssym,0.0854728494333144,-0.3854728494333144,0.353009779932264
SimBa-IB,reverse,271,1L37,NA,A,115,E,0.6281567151082378,T,-3.7,-0.223,-0.3,Ssym,-0.33285730042093875,0.03285730042093876,0.353009779932264
SimBa-IB,reverse,272,1L57,NA,A,116,D,0.495995415343752,N,-1.4,0.03,-0.6,Ssym,-0.14505197330023997,-0.45494802669976,0.353009779932264
SimBa-IB,reverse,273,1L44,NA,A,119,E,0.539800047489595,R,-1.8,0.35,-0,Ssym,0.0634626415653688,-0.0634626415653688,0.353009779932264
SimBa-IB,reverse,274,1L38,NA,A,123,E,0.4892821012410125,Q,-1.8,0.054000000000000006,-0.4,Ssym,-0.10457706533544965,-0.2954229346645504,0.353009779932264
SimBa-IB,reverse,275,1L22,NA,A,124,G,0.40036967234883064,K,2.3,1.085,0.1,Ssym,0.3041171645609507,-0.20411716456095072,0.353009779932264
SimBa-IB,reverse,276,1L33,NA,A,131,A,0.5295725125341917,V,-2.2,0.514,-0.3,Ssym,0.18868870495893775,-0.48868870495893774,0.353009779932264
SimBa-IB,reverse,277,1DYA,NA,A,131,D,0.576835013276233,V,-7.1,0.289,-0.1,Ssym,0.026436679005741592,-0.1264366790057416,0.353009779932264
SimBa-IB,reverse,278,1DYB,NA,A,131,G,0.4785663274736618,V,-3.1,0.799,0.7,Ssym,0.513542202266715,0.18645779773328497,0.353009779932264
SimBa-IB,reverse,279,1DYC,NA,A,131,I,0.6423062668663639,V,0.7,-0.267,-0.2,Ssym,-0.20932530585141712,0.00932530585141711,0.353009779932264
SimBa-IB,reverse,280,1DYD,NA,A,131,L,0.7043373738402062,V,1,-0.267,-0.1,Ssym,-0.07888589919869371,-0.021114100801306296,0.353009779932264
SimBa-IB,reverse,281,1DYE,NA,A,131,S,0.5889154753118632,V,-3.3,0.51,0.1,Ssym,0.110015258115363,-0.010015258115362996,0.353009779932264
SimBa-IB,reverse,282,1DYF,NA,A,131,M,0.6747606254267948,V,0.2,-0.22899999999999998,-0.1,Ssym,-0.16519747054923042,0.06519747054923042,0.353009779932264
SimBa-IB,reverse,283,1DYG,NA,A,131,E,0.6030500936295832,V,-6.4,0.016,-0.2,Ssym,-0.21223055485212844,0.012230554852128428,0.353009779932264
SimBa-IB,reverse,284,1L69,NA,A,133,A,0.05780523302760492,L,-3.2,0.7809999999999999,4.2,Ssym,1.457838721938324,2.742161278061676,0.353009779932264
SimBa-IB,reverse,285,1L45,NA,A,135,E,0.8189748226412721,K,-1,0.302,1,Ssym,-0.03603716109736865,1.0360371610973687,0.353009779932264
SimBa-IB,reverse,286,1L20,NA,A,144,D,0.7351813907881466,N,-1.4,0.03,-0.4,Ssym,-0.14827969611526542,-0.2517203038847346,0.353009779932264
SimBa-IB,reverse,287,1L46,NA,A,147,E,0.43041040383940193,K,-1,0.302,0.7,Ssym,0.03017501644182588,0.6698249835581741,0.353009779932264
SimBa-IB,reverse,288,1L53,NA,A,149,C,0.0010140394470145586,V,0.4,0.315,2.2,Ssym,-0.3876983779093587,2.587698377909359,0.353009779932264
SimBa-IB,reverse,289,1L52,NA,A,152,S,6.347842536794189e-4,T,-0.6,0.271,2.6,Ssym,-0.08643080579943975,2.6864308057994397,0.353009779932264
SimBa-IB,reverse,290,1L47,NA,A,154,E,0.4335787252402596,R,-1.8,0.35,1.1,Ssym,0.14220491047140502,0.957795089528595,0.353009779932264
SimBa-IB,reverse,291,1L16,NA,A,156,D,0.38976926757525326,G,-4,-0.51,2.3,Ssym,-0.28316503935265364,2.5831650393526533,0.353009779932264
SimBa-IB,reverse,292,1L02,NA,A,157,A,0.3299342662961589,T,0.5,0.275,0.5,Ssym,-0.21597874181287996,0.71597874181288,0.353009779932264
SimBa-IB,reverse,293,1L03,NA,A,157,C,0.49177495903802043,T,3.1,0.076,1.3,Ssym,-0.37311719856034464,1.6731171985603446,0.353009779932264
SimBa-IB,reverse,294,1L04,NA,A,157,D,0.4944278117340929,T,-4.4,0.05,1.1,Ssym,0.0369905314240768,1.0630094685759233,0.353009779932264
SimBa-IB,reverse,295,1L06,NA,A,157,E,0.5493793753593231,T,-3.7,-0.223,0.8,Ssym,-0.24852571108958574,1.0485257110895858,0.353009779932264
SimBa-IB,reverse,296,1L07,NA,A,157,F,0.6676536696242236,T,3.4,-0.738,2.4,Ssym,-0.2262568818910563,2.6262568818910563,0.353009779932264
SimBa-IB,reverse,297,1L08,NA,A,157,G,0.32129053312611616,T,-0.4,0.56,1.1,Ssym,0.1941735566374051,0.905826443362595,0.353009779932264
SimBa-IB,reverse,298,1L09,NA,A,157,H,0.6199929012357245,T,-1.8,-0.371,2.1,Ssym,-0.35567555427067354,2.4556755542706736,0.353009779932264
SimBa-IB,reverse,299,1L10,NA,A,157,I,0.49880623149346226,T,3.4,-0.506,1.5,Ssym,-0.7657140810993456,2.2657140810993455,0.353009779932264
SimBa-IB,reverse,300,1L11,NA,A,157,L,0.5536528155898379,T,3.7,-0.506,1.7,Ssym,-0.5639975343903497,2.2639975343903496,0.353009779932264
SimBa-IB,reverse,301,1L12,NA,A,157,N,0.4202440732642823,T,-3,0.02,1.2,Ssym,0.011811695942480032,1.1881883040575199,0.353009779932264
SimBa-IB,reverse,302,1L13,NA,A,157,R,0.5366759523161092,T,-1.9,-0.573,-0.3,Ssym,-0.5066379327531254,0.20663793275312542,0.353009779932264
SimBa-IB,reverse,303,1L14,NA,A,157,S,0.2931128836936513,T,-0.6,0.271,0.7,Ssym,-0.04972188497335481,0.7497218849733548,0.353009779932264
SimBa-IB,reverse,304,1L15,NA,A,157,V,0.4464925096199127,T,2.7,-0.239,1.2,Ssym,-0.7009578357204094,1.9009578357204093,0.353009779932264
SimBa-IB,reverse,305,1RDA,NA,A,10,N,0.11208184192319443,D,1.4,-0.03,-0.9,Ssym,-1.0404102280348937,0.14041022803489367,0.353009779932264
SimBa-IB,reverse,306,1RDB,NA,A,48,Q,0.11343725052444867,E,1.8,-0.054000000000000006,-0.2,Ssym,-1.1856085174592716,0.9856085174592717,0.353009779932264
SimBa-IB,reverse,307,3AA5,NA,X,52,F,0.007743701783842916,A,2.9,-1.013,0.5,Ssym,-3.160118707128164,3.660118707128164,0.353009779932264
SimBa-IB,reverse,308,3AA2,NA,A,52,I,4.5021004273606424e-4,A,2.9,-0.7809999999999999,-1.9,Ssym,-2.86041406831027,0.96041406831027,0.353009779932264
SimBa-IB,reverse,309,3AA3,NA,A,52,L,0.001340784453251333,A,3.2,-0.7809999999999999,-1.3,Ssym,-2.9660863147801693,1.6660863147801692,0.353009779932264
SimBa-IB,reverse,310,3AA4,NA,A,52,V,0,A,2.2,-0.514,-1.7,Ssym,-2.2263520982052154,0.5263520982052154,0.353009779932264
SimBa-IB,reverse,311,1RBS,NA,A,62,A,0.606019878836831,H,2.3,0.6459999999999999,-0.4,Ssym,0.22370398631830424,-0.6237039863183043,0.353009779932264
SimBa-IB,reverse,312,1RBR,NA,A,62,P,0.6485569847028928,H,2.4,0.405,-1.1,Ssym,0.17623989613170427,-1.2762398961317043,0.353009779932264
SimBa-IB,reverse,313,1RDC,NA,A,70,N,0.3151801690244746,D,1.4,-0.03,-0.9,Ssym,-0.6701090832475594,-0.22989091675244067,0.353009779932264
SimBa-IB,reverse,314,1LAV,NA,A,74,L,3.381658315394365e-5,V,1,-0.267,-1,Ssym,-1.4366859645384127,0.4366859645384127,0.353009779932264
SimBa-IB,reverse,315,1LAW,NA,A,74,I,0.001368834177431803,V,0.7,-0.267,-0.6,Ssym,-1.3249884431040662,0.7249884431040662,0.353009779932264
SimBa-IB,reverse,316,1GOB,NA,A,77,A,0,G,0.9,-0.285,0.9,Ssym,-1.4259488654122767,2.325948865412277,0.353009779932264
SimBa-IB,reverse,317,1RBV,NA,A,95,A,0.6534362672685231,K,3.2,0.8,-0.1,Ssym,0.3968178250764679,-0.4968178250764679,0.353009779932264
SimBa-IB,reverse,318,1RBT,NA,A,95,G,0.5501368080908132,K,2.3,1.085,-1.9,Ssym,0.4117261172412888,-2.311726117241289,0.353009779932264
SimBa-IB,reverse,319,1RBU,NA,A,95,N,0.7181418135097006,K,-0.3,0.545,-0.9,Ssym,0.12517346558718,-1.02517346558718,0.353009779932264
SimBa-IB,reverse,320,1KVA,NA,A,134,A,0.29575383451174303,D,4.9,0.225,-2.1,Ssym,-1.0849669650434597,-1.0150330349565404,0.353009779932264
SimBa-IB,reverse,321,1KVB,NA,A,134,H,0.2623577840658172,D,2.6,-0.42100000000000004,-2.3,Ssym,-1.4115359095829274,-0.8884640904170724,0.353009779932264
SimBa-IB,reverse,322,1KVC,NA,A,134,N,0.17041674784927152,D,1.4,-0.03,-1,Ssym,-0.9340505019170331,-0.0659494980829669,0.353009779932264
SimBa-IB,reverse,323,1IOS,NA,A,12,F,3.389393848643963e-4,M,0.5,-0.27,-0.5,Ssym,-1.2581782032082214,0.7581782032082214,0.353009779932264
SimBa-IB,reverse,324,1IOT,NA,A,12,L,0.02325416368642531,M,0.8,-0.038,0.4,Ssym,-1.003437387724157,1.403437387724157,0.353009779932264
SimBa-IB,reverse,325,1HER,NA,A,40,S,0.011413319617779975,T,-0.6,0.271,0.3,Ssym,-0.0850779920261707,0.38507799202617066,0.353009779932264
SimBa-IB,reverse,326,1FN5,NA,A,49,A,0.32681821919221865,G,0.9,-0.285,0.7,Ssym,-0.8074891220953316,1.5074891220953317,0.353009779932264
SimBa-IB,reverse,327,1HEO,NA,A,55,V,0.012501316027784365,I,-0.7,0.267,0.9,Ssym,-0.054888446347312304,0.9548884463473123,0.353009779932264
SimBa-IB,reverse,328,1IR8,NA,A,58,M,0.016135184008696367,I,-0.5,0.038,1.2,Ssym,-0.4464450472288039,1.646445047228804,0.353009779932264
SimBa-IB,reverse,329,1FLU,NA,A,67,A,0.8598681905306994,G,0.9,-0.285,0.5,Ssym,0.20123661315875424,0.29876338684124576,0.353009779932264
SimBa-IB,reverse,330,1FLW,NA,A,71,A,0.821202021761277,G,0.9,-0.285,2.1,Ssym,0.1280660632693002,1.9719339367306998,0.353009779932264
SimBa-IB,reverse,331,1IR7,NA,A,78,M,0.17984100336999004,I,-0.5,0.038,0.9,Ssym,-0.358680114834943,1.258680114834943,0.353009779932264
SimBa-IB,reverse,332,1LSN,NA,A,91,A,0.06173211920805748,S,1.1,0.004,0.2,Ssym,-0.9890585011235532,1.1890585011235533,0.353009779932264
SimBa-IB,reverse,333,1HEM,NA,A,91,T,0.03558611756181885,S,0.6,-0.271,-1,Ssym,-1.2366767180890308,0.2366767180890308,0.353009779932264
SimBa-IB,reverse,334,1IR9,NA,A,98,M,0.058465564875372335,I,-0.5,0.038,0.9,Ssym,-0.4237511501549861,1.3237511501549861,0.353009779932264
SimBa-IB,reverse,335,1FLY,NA,A,102,A,0.9626515449385077,G,0.9,-0.285,1.2,Ssym,0.39574035637547017,0.8042596436245297,0.353009779932264
SimBa-IB,reverse,336,1FLQ,NA,A,117,A,1.0196494974945227,G,0.9,-0.285,0.8,Ssym,0.5036013538269358,0.2963986461730642,0.353009779932264
SimBa-IB,reverse,337,1BTI,NA,A,22,A,0.030456092956287404,F,-2.9,1.013,1.2,Ssym,1.7360801499938934,-0.5360801499938934,0.353009779932264
SimBa-IB,reverse,338,1BPT,NA,A,23,A,0.04501849589501464,Y,-1.9,1.05,5.9,Ssym,1.4146024689337722,4.485397531066228,0.353009779932264
SimBa-IB,reverse,339,8PTI,NA,A,35,G,0.18907194265427674,Y,-2.8,1.335,5,Ssym,1.6958117204518626,3.3041882795481374,0.353009779932264
SimBa-IB,reverse,340,1NAG,NA,A,43,G,0.16991159287454508,N,2.6,0.54,5.7,Ssym,-0.5775129600034552,6.277512960003455,0.353009779932264
SimBa-IB,reverse,341,1FAN,NA,A,45,A,0.1834100218929627,F,-2.9,1.013,6.9,Ssym,1.3661637402882665,5.533836259711734,0.353009779932264
